Term	Overlap	P-value	Adjusted P-value	Old P-value	Old Adjusted P-value	Odds Ratio	Combined Score	Genes
DNA replication	19/36	2.6876302642956404E-18	7.713498858528488E-16	0	0	29.61610760006482	1198.2046848294801	RFC5;FEN1;RFC3;PCNA;RFC4;MCM7;RFC2;PRIM1;RPA1;POLD3;POLA1;POLA2;POLE3;MCM3;MCM4;MCM5;DNA2;MCM6;POLE
Cell cycle	24/124	2.723391646692979E-11	3.908067013004425E-9	0	0	6.376144244105409	155.10964270980358	CDKN1C;PCNA;MCM7;BUB1B;TTK;CDC6;CDC25C;PKMYT1;SMC1A;CDC25A;CCND3;WEE1;ORC6;RBL1;CDC45;CCNE1;CHEK1;CDK2;MCM3;E2F1;MCM4;E2F2;MCM5;MCM6
Mismatch repair	10/23	3.5695569493488737E-9	3.4148761482104227E-7	0	0	20.138147566718995	391.70357110860584	RFC5;MSH6;POLD3;RFC3;PCNA;RFC4;MSH2;RFC2;EXO1;RPA1
Homologous recombination	12/41	1.9102697030761664E-8	1.3706185119571493E-6	0	0	10.853460036693795	192.90328066258158	POLD3;BARD1;BLM;BRIP1;RAD51;EME1;XRCC2;XRCC3;RPA1;RAD54L;BRCA1;TOPBP1
Fanconi anemia pathway	12/54	5.317185092801978E-7	3.052064243268335E-5	0	0	7.488988501266809	108.194552249883	FANCI;RMI2;BLM;BRIP1;RAD51;EME1;FANCD2;USP1;FANCA;RPA1;BRCA1;FANCG
Nucleotide excision repair	9/47	5.029298426540855E-5	0.0024056810806953755	0	0	6.183960240274599	61.20664295701002	POLD3;RFC5;RFC3;PCNA;RFC4;RFC2;POLE3;RPA1;POLE
Peroxisome	11/82	2.2403296118832382E-4	0.009185351408721277	0	0	4.0492765859461946	34.02897597627905	ACSL1;ACOX1;PEX11A;PEX11B;ACSL5;HSD17B4;PXMP4;ACSL4;ACSL3;SOD2;XDH
Fatty acid biosynthesis	5/18	4.045442837184294E-4	0.014513026178398655	0	0	10.001039501039502	78.13561485892757	OLAH;ACSL1;ACSL5;ACSL4;ACSL3
Pathways in cancer	35/531	8.379950657063638E-4	0.02672273153974738	0	0	1.8643940254429805	13.208296388942909	ROCK1;ROCK2;HHIP;TCF7;LAMA3;LPAR1;RASGRP3;CCND3;CDH1;AKT3;STAT4;E2F1;E2F2;JAK2;JAK1;IL13RA1;ARNT2;FZD4;IFNGR1;STAT1;STAT2;ZBTB16;NCOA4;PTK2;MSH6;PLCB4;RAD51;MSH2;TRAF3;CCNE1;COL4A4;CDK2;BIRC5;COL4A5;MET
Complement and coagulation cascades	10/85	0.0012181135972873594	0.034959860242147214	0	0	3.4793650793650794	23.348111828844466	FGB;C3;FGA;PROCR;CPB2;PROS1;C5AR1;SERPING1;CD59;F13B
Focal adhesion	17/201	0.0014441794987622475	0.03767995601316046	0	0	2.420322204968944	15.8294250232973	ROCK1;SHC1;ITGB4;ROCK2;PXN;ITGA1;LAMA3;PTK2;VAV2;CCND3;COL4A4;AKT3;ITGA11;COL4A5;ITGA5;MET;VCL
Small cell lung cancer	10/92	0.0022253711289636473	0.05046248483271157	0	0	3.181184668989547	19.430140175874197	CCNE1;TRAF3;COL4A4;AKT3;LAMA3;CDK2;E2F1;COL4A5;E2F2;PTK2
Chemokine signaling pathway	16/192	0.002285757152701221	0.05046248483271157	0	0	2.379224342187305	14.468201104857192	LYN;ROCK1;SHC1;ROCK2;STAT1;STAT2;PXN;PTK2;CXCL5;CXCL16;VAV2;PLCB4;PARD3;AKT3;PTK2B;JAK2
Biosynthesis of unsaturated fatty acids	5/27	0.0028881509856057315	0.05758946425642281	0	0	5.906941031941032	34.53870397303259	ACOT7;ELOVL5;ACOX1;ELOVL2;HSD17B4
Hepatitis B	14/162	0.003009902313053457	0.05758946425642281	0	0	2.4725293008466744	14.355128442950324	PCNA;STAT1;STAT2;CCNE1;TRAF3;AKT3;CDK2;E2F1;STAT4;BIRC5;E2F2;PTK2B;JAK2;JAK1
Human papillomavirus infection	23/331	0.003239267879992852	0.05787562386944483	0	0	1.959658416375868	11.233561461167675	FZD4;STAT1;ITGB4;STAT2;PXN;TCF7;ITGA1;LAMA3;PTK2;CCND3;RBL1;PPP2R2C;CCNE1;TRAF3;PARD3;COL4A4;AKT3;CDK2;ITGA11;E2F1;COL4A5;ITGA5;JAK1
Axon guidance	15/182	0.003428172842440983	0.05787562386944483	0	0	2.348617832827496	13.330115663302259	ROCK1;SEMA4D;ROCK2;SEMA3A;SEMA3E;UNC5D;SEMA3F;L1CAM;PTK2;ABLIM2;ABLIM3;DPYSL5;PARD3;EPHB2;MET
Ferroptosis	6/41	0.0038692658883534227	0.06075204464592101	0	0	4.458534699400735	24.765780262290683	ACSL1;NCOA4;ACSL5;ACSL4;SLC7A11;ACSL3
Adipocytokine signaling pathway	8/69	0.004021912363318812	0.06075204464592101	0	0	3.415530395711458	18.840058070696795	SOCS3;ACSL1;AKT3;PRKAG2;ACSL5;ACSL4;ACSL3;JAK2
ECM-receptor interaction	9/88	0.0054559236171942225	0.07829250390673709	0	0	2.9682168409466154	15.467536337237114	SDC4;ITGB4;COL4A4;ITGA1;LAMA3;ITGA11;COL4A5;ITGA5;CD44
Hepatitis C	13/157	0.0059651714471293926	0.08152400977743503	0	0	2.3569653157255614	12.071946157751817	STAT1;STAT2;IFIT1;SOCS3;PPP2R2C;TRAF3;OAS3;AKT3;CLDN7;CDK2;E2F1;E2F2;JAK1
Hypertrophic cardiomyopathy	9/90	0.006317845494553856	0.08241916622440712	0	0	2.894625603864734	14.659475423596017	CACNG6;CACNG7;ACE;ACTC1;ITGB4;ITGA1;ITGA11;PRKAG2;ITGA5
Base excision repair	5/33	0.007066896621081872	0.08818257957610857	0	0	4.639720077220077	22.977442773373976	POLD3;FEN1;PCNA;POLE3;POLE
Arrhythmogenic right ventricular cardiomyopathy	8/77	0.00781642281043121	0.09027897032871605	0	0	3.0182683420840464	14.643214188683574	CACNG6;CACNG7;ITGB4;ITGA1;TCF7;ITGA11;PKP2;ITGA5
Osteoclast differentiation	11/127	0.007921386401794229	0.09027897032871605	0	0	2.4726228506999908	11.96301677073152	SOCS3;NCF2;IL1R1;IFNGR1;STAT1;STAT2;AKT3;SIRPA;TNFRSF11A;SQSTM1;JAK1
Arginine biosynthesis	4/22	0.008178582677862778	0.09027897032871605	0	0	5.769080821712401	27.72756629838247	GLUD1;GOT1;CPS1;ASS1
Leukocyte transendothelial migration	10/114	0.010170341325212585	0.10501544956217658	0	0	2.5053636839351126	11.495308849876908	ROCK1;NCF2;ROCK2;CLDN7;PXN;PTK2B;F11R;VCL;PTK2;VAV2
Tyrosine metabolism	5/36	0.01024540971338308	0.10501544956217658	0	0	4.190061028770706	19.19435744067788	GOT1;HGD;MAOA;AOX1;HPD
Cellular senescence	12/156	0.01397416788353549	0.13829607526119606	0	0	2.1726921327876307	9.27857910039119	CCND3;RBL1;CCNE1;IGFBP3;AKT3;CHEK1;CDK2;E2F1;E2F2;LIN9;SQSTM1;CDC25A
Adherens junction	7/71	0.016352251465860907	0.15643653902340268	0	0	2.8441946138211383	11.699280791702014	CDH1;PARD3;TCF7;PTPRM;IQGAP1;MET;VCL
Vitamin B6 metabolism	2/6	0.01881120290877279	0.1741553301554126	0	0	12.954912516823688	51.47378871580817	PNPO;AOX1
Fatty acid degradation	5/43	0.021164063176268753	0.18487240226273835	0	0	3.416963015647226	13.173932344157311	ACSL1;ACOX1;ACSL5;ACSL4;ACSL3
Proteoglycans in cancer	14/205	0.02166906794690611	0.18487240226273835	0	0	1.9115749063536287	7.324905533935184	SDC4;ROCK1;FZD4;ROCK2;PXN;IQGAP1;PTK2;DCN;VAV2;CTSL;AKT3;ITGA5;MET;CD44
Cell adhesion molecules	11/148	0.02276813765974683	0.18487240226273835	0	0	2.0913104874798623	7.910158549070294	VCAN;SDC4;CADM1;CDH1;CLDN7;CNTN1;PTPRM;NRCAM;F11R;L1CAM;VSIR
Phenylalanine metabolism	3/17	0.02370084962010684	0.18487240226273835	0	0	5.556700038505968	20.794529504525165	GOT1;MAOA;HPD
TGF-beta signaling pathway	8/94	0.023978091606262422	0.18487240226273835	0	0	2.4194881827648227	9.026178218054751	GREM1;LEFTY1;RBL1;ROCK1;NBL1;LTBP1;DCN;THSD4
Bacterial invasion of epithelial cells	7/77	0.024477879045240618	0.18487240226273835	0	0	2.5995934959349594	9.64445408586785	CDH1;SHC1;PXN;ITGA5;MET;VCL;PTK2
Leishmaniasis	7/77	0.024477879045240618	0.18487240226273835	0	0	2.5995934959349594	9.64445408586785	C3;MARCKSL1;NCF2;IFNGR1;STAT1;JAK2;JAK1
Glycosphingolipid biosynthesis	5/45	0.02529167429711811	0.186120782648023	0	0	3.245777027027027	11.935630999736214	B4GALT1;B4GALNT1;A4GALT;GLA;B4GALT4
Circadian rhythm	4/31	0.027048538231495226	0.19407326181097825	0	0	3.8442545109211776	13.878228993074055	CRY2;CRY1;PRKAG2;NPAS2
Sphingolipid metabolism	5/49	0.0350089028900156	0.24075333180181077	0	0	2.9500921375921374	9.88915985987542	SMPD1;SGMS2;SGPP2;GLA;PLPP1
Measles	10/139	0.03523219489782597	0.24075333180181077	0	0	2.0171913726731003	6.749108781734825	CCND3;CCNE1;TRAF3;STAT1;OAS3;STAT2;AKT3;CDK2;CBLB;JAK1
Epstein-Barr virus infection	13/202	0.039642965017792284	0.2626046040484674	0	0	1.7915546303524446	5.7828548756906395	LYN;STAT1;STAT2;CCND3;CCNE1;TRAF3;OAS3;AKT3;CDK2;E2F1;E2F2;CD44;JAK1
JAK-STAT signaling pathway	11/162	0.04025993929662915	0.2626046040484674	0	0	1.8960246855658012	6.090786602860116	SOCS3;CCND3;IFNGR1;STAT1;STAT2;AKT3;STAT4;AOX1;JAK2;IL13RA1;JAK1
Prolactin signaling pathway	6/70	0.04593798065250076	0.29080588438136246	0	0	2.434582205683356	7.49964049972284	SOCS3;SHC1;STAT1;AKT3;TNFRSF11A;JAK2
Wnt signaling pathway	11/166	0.04661688425401689	0.29080588438136246	0	0	1.8467082710732179	5.661624330996972	SFRP4;CCND3;SFRP1;VANGL2;PLCB4;FZD4;ROCK2;SFRP5;TCF7;CCN4;RSPO3
Alanine, aspartate and glutamate metabolism	4/37	0.04774455013047615	0.29080588438136246	0	0	3.14431767063346	9.564669585804427	GLUD1;GOT1;CPS1;ASS1
Insulin resistance	8/108	0.04863652421709198	0.29080588438136246	0	0	2.0792401628222525	6.286334169809812	MLXIP;RPS6KA3;SOCS3;GYS1;PPP1R3C;TBC1D4;AKT3;PRKAG2
Purine metabolism	9/129	0.05205679229937111	0.3000236490381184	0	0	1.949898097826087	5.762767829978665	PRPS1;RRM1;PDE1C;GMPS;GMPR;PDE6A;PDE8A;XDH;PAPSS2
Gastric cancer	10/149	0.052268928403853374	0.3000236490381184	0	0	1.8710908823961239	5.522250040118853	CDH1;CCNE1;SHC1;FZD4;AKT3;TCF7;CDK2;E2F1;E2F2;MET
Influenza A	11/172	0.05738165232491485	0.31931162877477065	0	0	1.7773283463367577	5.079658929221489	SOCS3;CCND3;CALCOCO2;IFNGR1;TRAF3;STAT1;OAS3;STAT2;AKT3;JAK2;JAK1
Kaposi sarcoma-associated herpesvirus infection	12/193	0.05785437176406995	0.31931162877477065	0	0	1.7252040731723863	4.916531867296361	C3;LYN;IFNGR1;STAT1;TRAF3;STAT2;AKT3;TCF7;E2F1;E2F2;JAK2;JAK1
Glutathione metabolism	5/57	0.060570304940418686	0.32799391543207856	0	0	2.4951923076923075	6.996395777360847	GGT5;RRM1;ANPEP;GSR;PRDX6
Pancreatic cancer	6/76	0.06380018906464327	0.33899413387405913	0	0	2.225207809781558	6.123769945996333	RAD51;STAT1;AKT3;E2F1;E2F2;JAK1
Regulation of actin cytoskeleton	13/218	0.06496403262394862	0.33899413387405913	0	0	1.6503398640543783	4.511899647347584	ROCK1;ITGB4;ROCK2;PXN;ITGA1;LPAR1;IQGAP1;IQGAP2;PTK2;VAV2;ITGA11;ITGA5;VCL
Dilated cardiomyopathy	7/96	0.06709709775595508	0.3430254160170577	0	0	2.042599190036844	5.5183155659185985	CACNG6;CACNG7;ACTC1;ITGB4;ITGA1;ITGA11;ITGA5
Insulin signaling pathway	9/137	0.07055247196106486	0.3430254160170577	0	0	1.8272652004076086	4.844808326342326	SOCS3;GYS1;PPP1R3C;SHC1;AKT3;MKNK2;PRKAG2;CBLB;PHKA1
Yersinia infection	9/137	0.07055247196106486	0.3430254160170577	0	0	1.8272652004076086	4.844808326342326	RPS6KA3;ROCK1;ROCK2;AKT3;PXN;PTK2B;ITGA5;PTK2;VAV2
PI3K-Akt signaling pathway	19/354	0.07183287440518962	0.3430254160170577	0	0	1.478064224332881	3.892353612540523	ITGB4;ITGA1;LAMA3;LPAR1;BRCA1;PTK2;GYS1;CCND3;PPP2R2C;CCNE1;COL4A4;AKT3;CDK2;ITGA11;COL4A5;ITGA5;JAK2;MET;JAK1
Glycerophospholipid metabolism	7/98	0.07321279044256684	0.3430254160170577	0	0	1.9974984365228268	5.222230230531211	ETNK2;GPD2;GPD1L;CRLS1;PLPP1;PISD;AGPAT4
Necroptosis	10/159	0.07404337924424116	0.3430254160170577	0	0	1.7446011961831713	4.541378616542214	GLUD1;MLKL;IFNGR1;STAT1;SMPD1;STAT2;STAT4;JAK2;SQSTM1;JAK1
Growth hormone synthesis, secretion and action	8/119	0.07668109545168592	0.3430254160170577	0	0	1.8721136333076631	4.807775161901892	SOCS3;PLCB4;SHC1;STAT1;IGFBP3;AKT3;JAK2;PTK2
Sphingolipid signaling pathway	8/119	0.07668109545168592	0.3430254160170577	0	0	1.8721136333076631	4.807775161901892	PLCB4;ROCK1;PPP2R2C;ROCK2;SMPD1;AKT3;SGMS2;SGPP2
Shigellosis	14/246	0.07719155689002799	0.3430254160170577	0	0	1.5703688853247795	4.0224452425079615	ROCK1;IL1R1;CALCOCO2;ROCK2;PXN;WIPI1;PTK2;C3;PLCB4;AKT3;ITGA5;SQSTM1;CD44;VCL
Fatty acid elongation	3/27	0.07768868307006534	0.3430254160170577	0	0	3.23972371967655	8.277642098403708	ACOT7;ELOVL5;ELOVL2
Amoebiasis	7/102	0.08639888253981064	0.3757042316503887	0	0	1.912993866780773	4.684502148034094	PLCB4;IL1R1;COL4A4;LAMA3;COL4A5;VCL;PTK2
Protein digestion and absorption	7/103	0.08989324071380023	0.38506507589344274	0	0	1.892968044263776	4.560410888105918	CPB2;SLC7A7;SLC7A8;COL4A4;COL4A5;SLC3A1;ATP1A1
Platelet activation	8/124	0.09207936390419129	0.3886290800073956	0	0	1.7909512001122911	4.27160562817437	LYN;FGB;FGA;PLCB4;STIM1;ROCK1;ROCK2;AKT3
Tight junction	10/169	0.1007712278968617	0.41914988994781605	0	0	1.6340221623240492	3.749921384619479	PCNA;ROCK1;PPP2R2C;ROCK2;PARD3;CLDN7;PRKAG2;F11R;TUBA4A;CGNL1
Thiamine metabolism	2/15	0.10568748414567354	0.4333186849972615	0	0	3.984263381302412	8.953710797085543	NFS1;ALPP
Adrenergic signaling in cardiomyocytes	9/150	0.1083513311630636	0.4379835499126656	0	0	1.6576665124884367	3.6839587131473843	CACNG6;CACNG7;PLCB4;ACTC1;PPP2R2C;AKT3;ATP2B4;ATP1A1;ATP2B1
Melanoma	5/72	0.130330093170427	0.506059101143273	0	0	1.9350544574425173	3.94303118776801	CDH1;AKT3;E2F1;E2F2;MET
Nitrogen metabolism	2/17	0.13048213757701116	0.506059101143273	0	0	3.452669358456707	7.031426536504172	GLUD1;CPS1
Selenocompound metabolism	2/17	0.13048213757701116	0.506059101143273	0	0	3.452669358456707	7.031426536504172	KYAT1;PAPSS2
Endocrine and other factor-regulated calcium reabsorption	4/53	0.13448765767468562	0.5132441170246999	0	0	2.1158390481698754	4.244971592850001	PLCB4;ATP2B4;ATP1A1;ATP2B1
p53 signaling pathway	5/73	0.13591133412500764	0.5132441170246999	0	0	1.9064984101748808	3.8048990843140063	CCND3;CCNE1;IGFBP3;CHEK1;CDK2
PPAR signaling pathway	5/74	0.14159684794091312	0.5277700695979489	0	0	1.8787700744222484	3.6725659302639895	ACSL1;ACOX1;ACSL5;ACSL4;ACSL3
Fluid shear stress and atherosclerosis	8/139	0.14796143386326405	0.5444221989584203	0	0	1.5846375340507732	3.027931138322572	SDC4;NCF2;IL1R1;CTSL;AKT3;SQSTM1;PTK2;ASS1
Fc gamma R-mediated phagocytosis	6/97	0.153543453959665	0.5478940095874616	0	0	1.709824681407902	3.2038210389968116	LYN;MARCKSL1;MYO10;AKT3;PLPP1;VAV2
Prostate cancer	6/97	0.153543453959665	0.5478940095874616	0	0	1.709824681407902	3.2038210389968116	CCNE1;AKT3;TCF7;CDK2;E2F1;E2F2
Aldosterone-regulated sodium reabsorption	3/37	0.15823332270701781	0.5478940095874616	0	0	2.2856746472173777	4.2140631688252315	SCNN1B;SCNN1A;ATP1A1
Thyroid cancer	3/37	0.15823332270701781	0.5478940095874616	0	0	2.2856746472173777	4.2140631688252315	CDH1;TCF7;NCOA4
Coronavirus disease	12/232	0.15845018395734953	0.5478940095874616	0	0	1.416470296415726	2.6095845192776	C3;FGB;FGA;ADAM17;ACE;STAT1;TRAF3;STAT2;OAS3;C5AR1;F13B;JAK1
Rap1 signaling pathway	11/210	0.16183528877824302	0.552937236658997	0	0	1.4350772938260785	2.613528608246557	DOCK4;PLCB4;CDH1;CNR1;PARD3;AKT3;LPAR1;MET;RAP1GAP;VAV2;RASGRP3
Hematopoietic cell lineage	6/99	0.1640980422611404	0.5540722132817328	0	0	1.6728796542843425	3.023380696440926	IL1R1;ANPEP;ITGA1;CD59;ITGA5;CD44
AGE-RAGE signaling pathway in diabetic complications	6/100	0.16948853043081474	0.5591173360188946	0	0	1.654996689027726	2.937569508748987	PLCB4;STAT1;COL4A4;AKT3;COL4A5;JAK2
Progesterone-mediated oocyte maturation	6/100	0.16948853043081474	0.5591173360188946	0	0	1.654996689027726	2.937569508748987	RPS6KA3;AKT3;CDK2;CDC25C;PKMYT1;CDC25A
D-Glutamine and D-glutamate metabolism	1/5	0.1728973065736526	0.5638809884845261	0	0	6.46875	11.35302797256093	GLUD1
Lipid and atherosclerosis	11/215	0.18008902197328588	0.5692269224552219	0	0	1.3995365176043169	2.3992310276465827	LYN;PLCB4;NCF2;TRAF3;ROCK2;AKT3;JAK2;SOD2;ATF6;PTK2;VAV2
Chagas disease	6/102	0.1804865851687289	0.5692269224552219	0	0	1.6203484438430311	2.774196665766854	C3;ACE;PLCB4;PPP2R2C;IFNGR1;AKT3
Pancreatic secretion	6/102	0.1804865851687289	0.5692269224552219	0	0	1.6203484438430311	2.774196665766854	CPB2;PLCB4;RAB3D;ATP2B4;ATP1A1;ATP2B1
Mineral absorption	4/60	0.18438398117223034	0.5740745801299283	0	0	1.8506844033159822	3.1290166015509104	ATP2B4;MT1X;ATP1A1;ATP2B1
Glycine, serine and threonine metabolism	3/40	0.18602416708042974	0.5740745801299283	0	0	2.100021854738836	3.531981991674763	SDS;GLDC;MAOA
Bladder cancer	3/41	0.19555624566909854	0.5970706649684179	0	0	2.0446517236487445	3.3366819496750835	CDH1;E2F1;E2F2
Caffeine metabolism	1/6	0.20371454378055714	0.5985719778266753	0	0	5.174731182795699	8.233181326609241	XDH
Phenylalanine, tyrosine and tryptophan biosynthesis	1/6	0.20371454378055714	0.5985719778266753	0	0	5.174731182795699	8.233181326609241	GOT1
Tryptophan metabolism	3/42	0.2052046099712975	0.5985719778266753	0	0	1.992121086460709	3.1550171891837655	MAOA;AOX1;KYAT1
Oocyte meiosis	7/129	0.20614593470391723	0.5985719778266753	0	0	1.4875272113376872	2.349059744769407	RPS6KA3;CCNE1;CDK2;FBXO5;CDC25C;PKMYT1;SMC1A
Mannose type O-glycan biosynthesis	2/23	0.2106472813954502	0.5985719778266753	0	0	2.4654233160289687	3.8400698786299787	B4GALT1;MGAT5B
Proximal tubule bicarbonate reclamation	2/23	0.2106472813954502	0.5985719778266753	0	0	2.4654233160289687	3.8400698786299787	GLUD1;ATP1A1
Renin-angiotensin system	2/23	0.2106472813954502	0.5985719778266753	0	0	2.4654233160289687	3.8400698786299787	ACE;ANPEP
Colorectal cancer	5/86	0.216941835521167	0.60448841548131	0	0	1.5994327660994327	2.4441347958378636	MSH6;MSH2;AKT3;TCF7;BIRC5
Taste transduction	5/86	0.216941835521167	0.60448841548131	0	0	1.5994327660994327	2.4441347958378636	PLCB4;PDE1C;SCNN1B;SCNN1A;ASIC2
Human cytomegalovirus infection	11/225	0.21928741877447433	0.6051489345026358	0	0	1.3334373169675826	2.0233204420324946	PLCB4;ROCK1;IL1R1;ROCK2;AKT3;PXN;E2F1;E2F2;PTK2B;PTK2;JAK1
Cushing syndrome	8/155	0.22173146963019585	0.6057405397575492	0	0	1.4109785026629376	2.125340305026209	PLCB4;CCNE1;FZD4;TCF7;CDK2;E2F1;E2F2;PDE8A
Cardiac muscle contraction	5/87	0.2237229868094084	0.6057405397575492	0	0	1.5798450889914304	2.3655757648841362	CACNG6;CACNG7;ACTC1;ASPH;ATP1A1
Viral carcinogenesis	10/203	0.22661553027306475	0.6078379176483139	0	0	1.3437665221529027	1.994821935165799	C3;LYN;CCND3;RBL1;CCNE1;TRAF3;CHEK1;PXN;CDK2;JAK1
PD-L1 expression and PD-1 checkpoint pathway in cancer	5/89	0.2374700524588163	0.6243482881333169	0	0	1.5420688545688546	2.217053608564918	IFNGR1;STAT1;AKT3;JAK2;JAK1
TNF signaling pathway	6/112	0.23929725329151522	0.6243482881333169	0	0	1.4667194321750454	2.097480308520834	SOCS3;MLKL;TRAF3;AKT3;DAB2IP;CXCL5
Toxoplasmosis	6/112	0.23929725329151522	0.6243482881333169	0	0	1.4667194321750454	2.097480308520834	IFNGR1;STAT1;AKT3;LAMA3;JAK2;JAK1
Fc epsilon RI signaling pathway	4/68	0.2473570083129284	0.6322635525107139	0	0	1.6186740890688258	2.261162430201631	LYN;AKT3;ALOX5AP;VAV2
Mitophagy	4/68	0.2473570083129284	0.6322635525107139	0	0	1.6186740890688258	2.261162430201631	RHOT1;CALCOCO2;E2F1;SQSTM1
Autophagy	7/137	0.24999712698813106	0.6322635525107139	0	0	1.3954033771106942	1.9344558693102094	CTSL;TP53INP2;AKT3;ULK2;WIPI1;ATG4A;SQSTM1
Carbohydrate digestion and absorption	3/47	0.2548300915521256	0.6322635525107139	0	0	1.765284244057829	2.4134229417677266	PLCB4;AKT3;ATP1A1
Other types of O-glycan biosynthesis	3/47	0.2548300915521256	0.6322635525107139	0	0	1.765284244057829	2.4134229417677266	B4GALT1;ST6GAL2;GALNT16
Renin secretion	4/69	0.2555490316768042	0.6322635525107139	0	0	1.593688362919132	2.1743343475781436	PLCB4;ACE;EDN3;PDE1C
Th1 and Th2 cell differentiation	5/92	0.2585042721237682	0.6341087700813801	0	0	1.4886610748679714	2.01392480171224	IFNGR1;STAT1;STAT4;JAK2;JAK1
Sulfur relay system	1/8	0.26195140231207786	0.6352580020105306	0	0	3.695852534562212	4.950950305931393	NFS1
Epithelial cell signaling in Helicobacter pylori infection	4/70	0.2637950108138923	0.6352580020105306	0	0	1.5694597799860959	2.091435346090756	LYN;ADAM17;F11R;MET
Salivary secretion	5/93	0.2656131018859362	0.6352580020105306	0	0	1.4716676904176904	1.95101124523746	PLCB4;ATP2B4;ATP1A1;ATP2B1;BEST2
Non-small cell lung cancer	4/72	0.2804287104240167	0.6569265588664955	0	0	1.5231404302611733	1.936575177190431	AKT3;E2F1;E2F2;MET
Arginine and proline metabolism	3/50	0.28536160541577016	0.6569265588664955	0	0	1.6523484544359694	2.0720418422552216	GOT1;MAOA;P4HA2
Cysteine and methionine metabolism	3/50	0.28536160541577016	0.6569265588664955	0	0	1.6523484544359694	2.0720418422552216	SDS;GOT1;KYAT1
N-Glycan biosynthesis	3/50	0.28536160541577016	0.6569265588664955	0	0	1.6523484544359694	2.0720418422552216	B4GALT1;ST6GAL2;MGAT5B
cAMP signaling pathway	10/216	0.2861178392275678	0.6569265588664955	0	0	1.258107126345684	1.5743342746260502	EDN3;ROCK1;ACOX1;ROCK2;HHIP;AKT3;ATP2B4;ATP1A1;ATP2B1;VAV2
Inositol phosphate metabolism	4/73	0.2888065288111075	0.6578370934030782	0	0	1.5009876977840364	1.8642241172331424	INPP4B;PLCB4;SYNJ2;PIK3C2B
Human T-cell leukemia virus 1 infection	10/219	0.30045181988289094	0.6716530537213178	0	0	1.2398528789506233	1.4908832517422064	CCND3;IL1R1;CCNE1;AKT3;CHEK1;CDK2;E2F1;BUB1B;E2F2;JAK1
Glioma	4/75	0.3056598877338365	0.6716530537213178	0	0	1.4585542947292391	1.7287985500036471	SHC1;AKT3;E2F1;E2F2
Glyoxylate and dicarboxylate metabolism	2/30	0.3081782877530549	0.6716530537213178	0	0	1.8483945395116324	2.175702342903699	ACSS2;GLDC
Breast cancer	7/147	0.30823061668654744	0.6716530537213178	0	0	1.2950542005420054	1.5241583808182417	SHC1;FZD4;AKT3;TCF7;E2F1;E2F2;BRCA1
Pathogenic Escherichia coli infection	9/197	0.31373613714533144	0.6716530537213178	0	0	1.2401928191489362	1.4376352041788427	ROCK1;MYO10;IL1R1;ROCK2;MYO5B;TUBB;CLDN7;LPAR1;TUBA4A
Chronic myeloid leukemia	4/76	0.31412597909323314	0.6716530537213178	0	0	1.4382216224321487	1.6654047872126498	SHC1;AKT3;E2F1;E2F2
Pertussis	4/76	0.31412597909323314	0.6716530537213178	0	0	1.4382216224321487	1.6654047872126498	C3;SERPING1;ITGA5;CXCL5
Phospholipase D signaling pathway	7/148	0.3142056545621561	0.6716530537213178	0	0	1.2858021488016298	1.488582863993192	PLCB4;SHC1;AKT3;LPAR1;PTK2B;PLPP1;AGPAT4
Sulfur metabolism	1/10	0.3159343632487035	0.6716530537213178	0	0	2.8742532855436083	3.311774414922379	PAPSS2
Galactose metabolism	2/31	0.32203381029567846	0.6795860555504392	0	0	1.784563976423632	2.02208718962242	B4GALT1;GLA
Phagosome	7/152	0.3382989856526255	0.702027169016168	0	0	1.2500700869077657	1.3548574639149769	C3;STX12;NCF2;CTSL;TUBB;ITGA5;TUBA4A
Taurine and hypotaurine metabolism	1/11	0.34142851527068063	0.702027169016168	0	0	2.586693548387097	2.779704725321296	GGT5
Ubiquinone and other terpenoid-quinone biosynthesis	1/11	0.34142851527068063	0.702027169016168	0	0	2.586693548387097	2.779704725321296	HPD
Lysosome	6/128	0.3424522775688625	0.702027169016168	0	0	1.2732979879766633	1.3644953671819302	MANBA;NPC1;CTSL;SMPD1;IDS;GLA
NF-kappa B signaling pathway	5/104	0.3459822919224434	0.7042334594449734	0	0	1.3073983073983073	1.3876303144373985	LYN;TNFSF14;IL1R1;TRAF3;TNFRSF11A
B cell receptor signaling pathway	4/81	0.3566694877867991	0.7208742464423334	0	0	1.3444800813221867	1.3860859996391628	LYN;AKT3;VAV2;RASGRP3
Propanoate metabolism	2/34	0.36312058073445225	0.7227296263948703	0	0	1.6170087483176312	1.6380627221609465	ACSS2;ACOX1
Endometrial cancer	3/58	0.36752197853849383	0.7227296263948703	0	0	1.411418769909336	1.4127908899403772	CDH1;AKT3;TCF7
Glucagon signaling pathway	5/107	0.36827310839725547	0.7227296263948703	0	0	1.268746687864335	1.267389729889321	GYS1;PLCB4;AKT3;PRKAG2;PHKA1
Th17 cell differentiation	5/107	0.36827310839725547	0.7227296263948703	0	0	1.268746687864335	1.267389729889321	IL1R1;IFNGR1;STAT1;JAK2;JAK1
MicroRNAs in cancer	13/310	0.3709887296061729	0.7227296263948703	0	0	1.1336221964637265	1.1240811732316807	ROCK1;SHC1;CDCA5;BRCA1;CDC25C;CDC25A;CCNE1;E2F1;E2F2;ITGA5;MET;CD44;EZH2
Drug metabolism	5/108	0.37570989198106114	0.7227296263948703	0	0	1.2563631592757807	1.229901634999069	RRM1;MAOA;GMPS;AOX1;XDH
Nicotinate and nicotinamide metabolism	2/35	0.37661350300351676	0.7227296263948703	0	0	1.567926913821934	1.5311367762603525	NNMT;AOX1
VEGF signaling pathway	3/59	0.3777332542133468	0.7227296263948703	0	0	1.386142664613015	1.3495027682477831	AKT3;PXN;PTK2
Long-term depression	3/60	0.3879095291183874	0.7281333384006152	0	0	1.3617534402042843	1.289557547243927	LYN;GNAZ;PLCB4
Non-homologous end-joining	1/13	0.38960537861697186	0.7281333384006152	0	0	2.15535394265233	2.031681677172877	FEN1
Mucin type O-glycan biosynthesis	2/36	0.38998636626145483	0.7281333384006152	0	0	1.5217322460612779	1.4329292763775414	GALNT16;B4GALT5
ErbB signaling pathway	4/85	0.3907056937759399	0.7281333384006152	0	0	1.2778194298662136	1.2008955994651438	SHC1;AKT3;CBLB;PTK2
Glycerolipid metabolism	3/61	0.3980449764822736	0.7307380791200562	0	0	1.3382052235337856	1.2327416363286396	GLA;PLPP1;AGPAT4
Chemical carcinogenesis	10/239	0.39940755651183946	0.7307380791200562	0	0	1.1303805364940736	1.0374326666243296	HSD11B1;RPS6KA3;CCND3;PAQR7;AKT3;E2F1;BIRC5;CDC6;JAK2;CDC25A
African trypanosomiasis	2/37	0.403229393659151	0.7307380791200562	0	0	1.4781772736012306	1.3425540119946766	PLCB4;APOL1
Calcium signaling pathway	10/240	0.40443748772186805	0.7307380791200562	0	0	1.1254066844128956	1.0187835129460951	PLCB4;PDE1C;STIM1;ASPH;ORAI2;ATP2B4;PTK2B;PHKA1;ATP2B1;MET
Hippo signaling pathway	7/163	0.40544293765577505	0.7307380791200562	0	0	1.1612552984504203	1.0483524103101824	CCND3;PPP2R2C;CDH1;FZD4;PARD3;TCF7;BIRC5
Neutrophil extracellular trap formation	8/189	0.40738011379515326	0.7307380791200562	0	0	1.1438937907149336	1.0272264488079375	C3;FGB;FGA;PLCB4;NCF2;AKT3;HAT1;C5AR1
Gap junction	4/88	0.4160697810867066	0.7408345461512224	0	0	1.231990231990232	1.0803350554327078	PLCB4;TUBB;LPAR1;TUBA4A
Basal cell carcinoma	3/63	0.4181714162944182	0.7408345461512224	0	0	1.2934636118598384	1.1277241563108877	FZD4;HHIP;TCF7
Transcriptional misregulation in cancer	8/192	0.42441964936704185	0.7472910390695767	0	0	1.1250663677659136	0.9642185252512259	ARNT2;HPGD;IGFBP3;ZBTB16;NSD2;MET;PTK2;AFF1
cGMP-PKG signaling pathway	7/167	0.4298893145317256	0.7483717062604657	0	0	1.1319867886178863	0.9556543896005768	PLCB4;ROCK1;ROCK2;AKT3;ATP2B4;ATP1A1;ATP2B1
Apoptosis	6/142	0.4358028685057005	0.7483717062604657	0	0	1.1413874074663695	0.9479967452018806	CTSL;AKT3;DAB2IP;BIRC5;TUBA4A;LMNB1
Hepatocellular carcinoma	7/168	0.4359840704508747	0.7483717062604657	0	0	1.1248969011429244	0.9338326809870663	SHC1;FZD4;AKT3;TCF7;E2F1;E2F2;MET
Cortisol synthesis and secretion	3/65	0.4380712426890531	0.7483717062604657	0	0	1.2516085557777585	1.0330448187919563	PLCB4;NR0B1;PDE8A
Inflammatory bowel disease	3/65	0.4380712426890531	0.7483717062604657	0	0	1.2516085557777585	1.0330448187919563	IFNGR1;STAT1;STAT4
Signaling pathways regulating pluripotency of stem cells	6/143	0.44242606762834147	0.7513389432504971	0	0	1.1329968491648805	0.9239384315211641	LEFTY1;FZD4;AKT3;TCF7;JAK2;JAK1
Acute myeloid leukemia	3/67	0.4577072041143318	0.7727174563577248	0	0	1.2123694407008085	0.9474977444168758	ZBTB16;AKT3;TCF7
Retinol metabolism	3/68	0.4674156707346409	0.7844929678411809	0	0	1.193655401202571	0.9078182980911228	CYP2S1;AOX1;BCO1
Thyroid hormone signaling pathway	5/121	0.47136806670754944	0.7865269485178297	0	0	1.1148066169617894	0.8384639293830555	PLCB4;TBC1D4;STAT1;AKT3;ATP1A1
Primary bile acid biosynthesis	1/17	0.4756561587567819	0.7868516835413791	0	0	1.616179435483871	1.2009183581243965	HSD17B4
Renal cell carcinoma	3/69	0.47704596841881525	0.7868516835413791	0	0	1.1755084538103406	0.8700436751265206	ARNT2;AKT3;MET
Phosphatidylinositol signaling system	4/97	0.4903639218023106	0.8037295361353722	0	0	1.1122429730239578	0.7925926465663112	INPP4B;PLCB4;SYNJ2;PIK3C2B
Other glycan degradation	1/18	0.4952045403143696	0.8037295361353722	0	0	1.5210309930423782	1.0689568371045148	MANBA
Aldosterone synthesis and secretion	4/98	0.49839028671668256	0.8037295361353722	0	0	1.100353174261349	0.7662549212893339	PLCB4;ATP2B4;ATP1A1;ATP2B1
Thermogenesis	9/232	0.4984803394846559	0.8037295361353722	0	0	1.0436244882043284	0.7265621114325792	RPS6KA3;ACSL1;CNR1;ACSL5;PRKAG2;ACSL4;ACSL3;SLC25A20;COX10
NOD-like receptor signaling pathway	7/181	0.5138944423903666	0.8150563207807104	0	0	1.0401442232813132	0.6924629104334648	PLCB4;TRAF3;STAT1;OAS3;STAT2;ANTXR1;JAK1
Oxytocin signaling pathway	6/154	0.5139200340562659	0.8150563207807104	0	0	1.0481841787660462	0.6977632117841693	CACNG6;CACNG7;PLCB4;ROCK1;ROCK2;PRKAG2
Glycosaminoglycan degradation	1/19	0.5140250664157093	0.8150563207807104	0	0	1.4364545997610514	0.9559364717490211	IDS
Relaxin signaling pathway	5/129	0.5279390549531139	0.8224260144304865	0	0	1.042447689625109	0.6658889268302842	PLCB4;SHC1;COL4A4;AKT3;COL4A5
Longevity regulating pathway	4/102	0.5299264608969141	0.8224260144304865	0	0	1.0552204687543034	0.670082973432265	AKT3;PRKAG2;SOD2;CRYAB
One carbon pool by folate	1/20	0.5321448026516035	0.8224260144304865	0	0	1.3607809847198642	0.8584345882080949	TYMS
Steroid biosynthesis	1/20	0.5321448026516035	0.8224260144304865	0	0	1.3607809847198642	0.8584345882080949	DHCR24
Thyroid hormone synthesis	3/75	0.5330008316518136	0.8224260144304865	0	0	1.0772124887690926	0.6778168859670157	PLCB4;GSR;ATP1A1
Valine, leucine and isoleucine degradation	2/48	0.5383330462577918	0.8228489305855501	0	0	1.1240564105564983	0.696103254362249	AOX1;AACS
FoxO signaling pathway	5/131	0.5416672728596557	0.8228489305855501	0	0	1.0257936507936507	0.6289175275688575	PLK4;AKT3;CDK2;PRKAG2;SOD2
Cytokine-cytokine receptor interaction	11/295	0.5418761250197525	0.8228489305855501	0	0	1.0010793644701999	0.6133792011717218	TNFSF14;IL1R1;IFNGR1;TNFRSF11A;IL17RC;RELT;CXCL5;TNFRSF21;CXCL16;IL13RA1;TNFRSF10D
C-type lectin receptor signaling pathway	4/104	0.5453251480651417	0.8237279868141877	0	0	1.034008097165992	0.6269946542128845	STAT1;STAT2;AKT3;CBLB
Vascular smooth muscle contraction	5/133	0.5552061607377726	0.834262660375606	0	0	1.0096600506756757	0.5940998996110192	PLCB4;EDN3;ROCK1;CALD1;ROCK2
Synaptic vesicle cycle	3/78	0.5596806226526867	0.8366059307360474	0	0	1.0339622641509434	0.6001002983039146	UNC13B;SNAP25;SYT1
Histidine metabolism	1/22	0.5663851792508657	0.8422411732901475	0	0	1.2310547875064004	0.6998311378865243	MAOA
Apelin signaling pathway	5/137	0.5816763182128266	0.8561082221901603	0	0	0.9788595413595413	0.5303863700205015	PLCB4;CDH1;AKT3;TFAM;PRKAG2
Estrogen signaling pathway	5/137	0.5816763182128266	0.8561082221901603	0	0	0.9788595413595413	0.5303863700205015	PLCB4;KRT18;SHC1;AKT3;FKBP5
Glycosaminoglycan biosynthesis	2/53	0.5923959503174633	0.8674369272505712	0	0	1.0135909006940595	0.5306959569023091	B4GALT1;B4GALT4
Ubiquitin mediated proteolysis	5/140	0.6009630810429658	0.8755147424331533	0	0	0.9569569569569569	0.4873033207434997	SOCS3;HERC3;UBE2E2;CBLB;BRCA1
alpha-Linolenic acid metabolism	1/25	0.6131106191333098	0.888700745915454	0	0	1.0770049283154122	0.5268814775562934	ACOX1
Hedgehog signaling pathway	2/56	0.6224963365277246	0.8916041998558109	0	0	0.9571307512088131	0.4536967600848806	HHIP;SPOP
Pyrimidine metabolism	2/56	0.6224963365277246	0.8916041998558109	0	0	0.9571307512088131	0.4536967600848806	RRM1;TYMS
Insulin secretion	3/86	0.6261226066753215	0.8916041998558109	0	0	0.933913551781249	0.437266795307124	SNAP25;PLCB4;ATP1A1
Folate biosynthesis	1/26	0.6275402382260411	0.8916041998558109	0	0	1.0338709677419355	0.4817295776154549	ALPP
Diabetic cardiomyopathy	7/203	0.6353142139836753	0.8982028542527822	0	0	0.92232868757259	0.41840110665094665	GYS1;ACE;PLCB4;TBC1D4;NCF2;AKT3;GSR
Neurotrophin signaling pathway	4/119	0.6516552350117487	0.9114691816281253	0	0	0.8984333744059144	0.3847447826328826	RPS6KA3;SHC1;KIDINS220;AKT3
Butanoate metabolism	1/28	0.6548070273100566	0.9114691816281253	0	0	0.9571883711668658	0.4052876285029842	AACS
Phototransduction	1/28	0.6548070273100566	0.9114691816281253	0	0	0.9571883711668658	0.4052876285029842	PDE6A
AMPK signaling pathway	4/120	0.6581213554045449	0.9114691816281253	0	0	0.8906417236725767	0.3726141565445273	GYS1;PPP2R2C;AKT3;PRKAG2
Morphine addiction	3/91	0.6639945446375819	0.9114691816281253	0	0	0.8806205586865964	0.360597691199021	GABRQ;PDE1C;PDE8A
Tuberculosis	6/180	0.6655844486557289	0.9114691816281253	0	0	0.8903457608137745	0.3624506368759803	C3;IFNGR1;STAT1;AKT3;JAK2;JAK1
Arachidonic acid metabolism	2/61	0.668793173394464	0.9114691816281253	0	0	0.8757898578826105	0.3523131158095699	GGT5;ALOX15B
Rheumatoid arthritis	3/93	0.6783405066394935	0.9114691816281253	0	0	0.8609613656783468	0.3341441813275668	CTSL;TNFRSF11A;CXCL5
Human immunodeficiency virus 1 infection	7/212	0.6796613526517356	0.9114691816281253	0	0	0.8814197898076541	0.34036960869304655	WEE1;AKT3;CHEK1;PXN;PTK2B;CDC25C;PTK2
Pentose phosphate pathway	1/30	0.6800801603496658	0.9114691816281253	0	0	0.8910826844642195	0.34355212150827746	PRPS1
beta-Alanine metabolism	1/30	0.6800801603496658	0.9114691816281253	0	0	0.8910826844642195	0.34355212150827746	ACOX1
IL-17 signaling pathway	3/94	0.6853414232631093	0.9114691816281253	0	0	0.8514558218062261	0.32171248125546514	TRAF3;IL17RC;CXCL5
Lysine degradation	2/63	0.6859837743263939	0.9114691816281253	0	0	0.846987180901529	0.31923057305590313	NSD2;EZH2
Staphylococcus aureus infection	3/95	0.6922278998269724	0.9140567121116442	0	0	0.842156920192195	0.3097790373768645	C3;KRT18;C5AR1
GnRH secretion	2/64	0.6943009172137228	0.9140567121116442	0	0	0.833282681370208	0.3040230314417003	PLCB4;AKT3
Inflammatory mediator regulation of TRP channels	3/98	0.7122041593628886	0.9333451768819591	0	0	0.8154348134487162	0.2767509660420842	PLCB4;IL1R1;ASIC2
Long-term potentiation	2/67	0.7181634423010745	0.9368065243941086	0	0	0.794699244228181	0.26309162212161324	RPS6KA3;PLCB4
Natural killer cell mediated cytotoxicity	4/131	0.7238337859009604	0.9368065243941086	0	0	0.8130319742420862	0.2627666415931824	SHC1;IFNGR1;PTK2B;VAV2
Viral protein interaction with cytokine and cytokine receptor	3/100	0.7249571400487691	0.9368065243941086	0	0	0.7985383610748326	0.25684406888601213	TNFSF14;CXCL5;TNFRSF10D
Dopaminergic synapse	4/132	0.7293141783822971	0.9368065243941086	0	0	0.8066379892037787	0.25461582020482515	PLCB4;PPP2R2C;MAOA;AKT3
Melanogenesis	3/101	0.7311660678197921	0.9368065243941086	0	0	0.7903487540568788	0.2474697862081635	PLCB4;FZD4;TCF7
Central carbon metabolism in cancer	2/70	0.7404388839460034	0.9429856120343424	0	0	0.7595202280104505	0.2282450811267209	AKT3;MET
Starch and sucrose metabolism	1/36	0.7453411815287531	0.9429856120343424	0	0	0.7380952380952381	0.21693593602849476	GYS1
T cell receptor signaling pathway	3/104	0.7491314269819863	0.9429856120343424	0	0	0.766752955619012	0.22146956848047794	AKT3;CBLB;VAV2
Toll-like receptor signaling pathway	3/104	0.7491314269819863	0.9429856120343424	0	0	0.766752955619012	0.22146956848047794	TRAF3;STAT1;AKT3
Various types of N-glycan biosynthesis	1/39	0.7728011274585936	0.9619222126349172	0	0	0.6797184493491794	0.175186240222411	B4GALT1
HIF-1 signaling pathway	3/109	0.7769215188799449	0.9619222126349172	0	0	0.730394649849972	0.18436325139588516	IFNGR1;AKT3;MKNK2
Gastric acid secretion	2/76	0.7804917522989919	0.9619222126349172	0	0	0.6977192535738969	0.17291653448906627	PLCB4;ATP1A1
Metabolism of xenobiotics by cytochrome P450	2/76	0.7804917522989919	0.9619222126349172	0	0	0.6977192535738969	0.17291653448906627	HSD11B1;CYP2S1
Nicotine addiction	1/40	0.7812807642950678	0.9619222126349172	0	0	0.6622553074165978	0.16345831882623754	GABRQ
Spinocerebellar ataxia	4/143	0.7842850096047757	0.9619222126349172	0	0	0.7423761395741706	0.18038462713357295	PLCB4;AKT3;ULK2;WIPI1
Cholinergic synapse	3/113	0.797289473290078	0.9665173521532725	0	0	0.7036878216123499	0.15941165350598235	PLCB4;AKT3;JAK2
Serotonergic synapse	3/113	0.797289473290078	0.9665173521532725	0	0	0.7036878216123499	0.15941165350598235	PLCB4;MAOA;ALOX15B
Fat digestion and absorption	1/43	0.8048698507478471	0.9665173521532725	0	0	0.6148553507424476	0.13346953510253168	PLPP1
Porphyrin and chlorophyll metabolism	1/43	0.8048698507478471	0.9665173521532725	0	0	0.6148553507424476	0.13346953510253168	COX10
Type I diabetes mellitus	1/43	0.8048698507478471	0.9665173521532725	0	0	0.6148553507424476	0.13346953510253168	ICA1
Huntington disease	9/306	0.8086465167780249	0.9670064596470548	0	0	0.7805500658761528	0.16578367914482484	PLCB4;TUBB;TFAM;ULK2;WIPI1;IFT57;SOD2;TUBA4A;TGM2
ABC transporters	1/45	0.8191666803408223	0.9720163436140649	0	0	0.5868462854349951	0.11705687818495232	ABCA8
Salmonella infection	7/249	0.8239685024430273	0.9720163436140649	0	0	0.7452070595086117	0.14428920784841484	MLKL;ROCK2;TUBB;AKT3;TCF7;TUBA4A;PIK3C2B
Type II diabetes mellitus	1/46	0.825917851258581	0.9720163436140649	0	0	0.5737753882915173	0.10974026015985058	SOCS3
mTOR signaling pathway	4/154	0.8299896940341015	0.9720163436140649	0	0	0.6875393612235717	0.12811745627671928	RPS6KA3;FZD4;AKT3;ULK2
Pyruvate metabolism	1/47	0.8324172989675277	0.9720163436140649	0	0	0.5612727910238429	0.10294944259420753	ACSS2
Non-alcoholic fatty liver disease	4/155	0.8337151584454479	0.9720163436140649	0	0	0.6829503713435396	0.1242037254606304	MLXIP;SOCS3;AKT3;PRKAG2
Amino sugar and nucleotide sugar metabolism	1/48	0.8386743970211384	0.9720163436140649	0	0	0.5493022191718142	0.09664024035348731	CYB5R3
Cocaine addiction	1/49	0.8446981704971266	0.9720163436140649	0	0	0.5378304211469535	0.0907728188150695	MAOA
Ether lipid metabolism	1/49	0.8446981704971266	0.9720163436140649	0	0	0.5378304211469535	0.0907728188150695	PLPP1
Cholesterol metabolism	1/50	0.8504973085581484	0.9720163436140649	0	0	0.5268268597761685	0.08531119740714432	NPC1
Malaria	1/50	0.8504973085581484	0.9720163436140649	0	0	0.5268268597761685	0.08531119740714432	MET
Bile secretion	2/90	0.8534777651245448	0.9720163436140649	0	0	0.5862902239079897	0.09288935391088966	ATP1A1;SLC51B
MAPK signaling pathway	8/294	0.860441420968057	0.9760738648926179	0	0	0.7199476236111243	0.10821514099866253	CACNG6;RPS6KA3;CACNG7;IL1R1;AKT3;MKNK2;MET;RASGRP3
GnRH signaling pathway	2/93	0.8659143175072688	0.9784149965534887	0	0	0.5668732344371644	0.08161235172846544	PLCB4;PTK2B
Regulation of lipolysis in adipocytes	1/55	0.8764056313575243	0.981192554904212	0	0	0.47792214257268023	0.06305047401855217	AKT3
Choline metabolism in cancer	2/98	0.88450700290033	0.981192554904212	0	0	0.5372083894122925	0.06592881796655159	AKT3;PLPP1
mRNA surveillance pathway	2/98	0.88450700290033	0.981192554904212	0	0	0.5372083894122925	0.06592881796655159	PPP2R2C;MSI2
Alzheimer disease	10/369	0.8848499372728122	0.981192554904212	0	0	0.7161237754154587	0.08760858523976689	BACE1;ADAM17;PLCB4;FZD4;TUBB;AKT3;ULK2;WIPI1;ATF6;TUBA4A
Legionellosis	1/57	0.8854664519867279	0.981192554904212	0	0	0.4608054915514593	0.05605270644170997	C3
Notch signaling pathway	1/59	0.8938638293433105	0.9866881500828082	0	0	0.44486929922135704	0.049915150186659846	ADAM17
Steroid hormone biosynthesis	1/61	0.9016462806977643	0.9914654504224458	0	0	0.42999551971326166	0.04451872005068873	HSD11B1
Retrograde endocannabinoid signaling	3/148	0.9172299869828009	0.9982592458636388	0	0	0.5328562134027326	0.04603719664366238	GABRQ;PLCB4;CNR1
Alcoholism	4/186	0.9193899269703382	0.9982592458636388	0	0	0.5657042013317317	0.04754458231168786	MAOA;SHC1;HAT1;SLC29A2
Spliceosome	3/150	0.9215705767632223	0.9982592458636388	0	0	0.5255514604763738	0.042924896837246054	DHX15;THOC2;SRSF10
Glycolysis / Gluconeogenesis	1/67	0.9217376311981333	0.9982592458636388	0	0	0.3907828282828283	0.03184671403066507	ACSS2
Amphetamine addiction	1/69	0.9274784463196774	0.9998662414715288	0	0	0.37924968374446555	0.028552086729211057	MAOA
RIG-I-like receptor signaling pathway	1/70	0.9301891514735129	0.9998662414715288	0	0	0.37373383200872684	0.027046117622547914	TRAF3
Ras signaling pathway	5/232	0.9363173237464363	0.9999960254057124	0	0	0.5663769496368616	0.03726807839854142	SHC1;AKT3;KSR2;MET;RASGRP3
Neuroactive ligand-receptor interaction	8/341	0.9419454850369207	0.9999960254057124	0	0	0.6168013332192437	0.036889578635200364	C3;GABRQ;EDN3;CNR1;PARD3;C5AR1;GLP2R;LPAR1
Antigen processing and presentation	1/78	0.9485316974488258	0.9999960254057124	0	0	0.3347646976679235	0.017688990615280897	CTSL
RNA degradation	1/79	0.9504563185246473	0.9999960254057124	0	0	0.3304556106975462	0.016791465539712093	EXOSC9
Protein processing in endoplasmic reticulum	3/171	0.9560798122418644	0.9999960254057124	0	0	0.4593521370812476	0.020631288511281803	ATF6;CRYAB;SEC31A
Endocytosis	5/252	0.9603654132216068	0.9999960254057124	0	0	0.5199693620746252	0.021028303608141636	PARD3;GBF1;MVB12B;CBLB;ARFGAP3
Oxidative phosphorylation	2/133	0.9610052239057235	0.9999960254057124	0	0	0.3929602498638694	0.015630164530458818	PPA1;COX10
Herpes simplex virus 1 infection	12/498	0.9617831361727944	0.9999960254057124	0	0	0.6322402438818991	0.02463605283828343	C3;SOCS3;TNFSF14;IFNGR1;STAT1;TRAF3;STAT2;OAS3;AKT3;ITGA5;JAK2;JAK1
Amyotrophic lateral sclerosis	8/364	0.9636738499739714	0.9999960254057124	0	0	0.5762505145366121	0.021322635627811795	NUP205;NUP107;TUBB;ULK2;WIPI1;ATF6;SQSTM1;TUBA4A
GABAergic synapse	1/89	0.9661601868947889	0.9999960254057124	0	0	0.29275109970674484	0.010078142086951267	GABRQ
RNA transport	3/186	0.9713795003887405	0.9999960254057124	0	0	0.4213689187397817	0.012235732765209655	NUP205;NUP107;THOC2
Circadian entrainment	1/97	0.9750585293180052	0.9999960254057124	0	0	0.26824316756272404	0.006775226836694724	PLCB4
Parathyroid hormone synthesis, secretion and action	1/106	0.9823073357645385	0.9999960254057124	0	0	0.2451356886840758	0.004375929529124249	PLCB4
Ribosome biogenesis in eukaryotes	1/108	0.983607502455521	0.9999960254057124	0	0	0.24052859009144809	0.003975538586599306	RCL1
Parkinson disease	4/249	0.9844335082477971	0.9999960254057124	0	0	0.4188493211049602	0.006571294238223564	MAOA;TUBB;ATF6;TUBA4A
Glutamatergic synapse	1/114	0.9869628376109928	0.9999960254057124	0	0	0.22768579312969836	0.002987896100664756	PLCB4
Pathways of neurodegeneration	9/475	0.9929368688096655	0.9999960254057124	0	0	0.49304032935249115	0.00349476510092796	PLCB4;FZD4;TUBB;ULK2;WIPI1;IFT57;ATF6;SQSTM1;TUBA4A
Systemic lupus erythematosus	1/135	0.9941538132438407	0.9999960254057124	0	0	0.19179305087465898	0.0011245483661180772	C3
Prion disease	3/273	0.9979764046394487	0.9999960254057124	0	0	0.28429170410302484	5.758742383978505E-4	NCF2;TUBB;TUBA4A
Olfactory transduction	1/440	0.9999960254057124	0.9999960254057124	0	0	0.05760893526342861	2.2897260004855923E-7	PDE1C
