ensemblid	gene.name	chromosome	start_peak	end_peak	gene.regulation
ENSG00000271989	AL139424.1	1	10381458	10381714	random
ENSG00000271989	AL139424.1	1	10388171	10388662	random
ENSG00000271989	AL139424.1	1	10387578	10387898	random
ENSG00000196132	MYT1	20	64080510	64080734	random
ENSG00000269559	AC093677.2	4	74099573	74100089	random
ENSG00000269559	AC093677.2	4	74104155	74104414	random
ENSG00000269559	AC093677.2	4	74117231	74117450	random
ENSG00000269559	AC093677.2	4	74114371	74114618	random
ENSG00000269559	AC093677.2	4	74109133	74109443	random
ENSG00000269559	AC093677.2	4	74123056	74123404	random
ENSG00000256139	AC007637.1	12	109192380	109192684	random
ENSG00000256139	AC007637.1	12	109200005	109200285	random
ENSG00000250328	AC022101.1	5	122479046	122479411	random
ENSG00000105642	KCNN1	19	18020281	18020702	random
ENSG00000105642	KCNN1	19	18017526	18017921	random
ENSG00000105642	KCNN1	19	18021312	18021627	random
ENSG00000204620	AC115618.1	X	48591355	48591672	random
ENSG00000093100	AC016026.1	22	17786721	17786953	random
ENSG00000129009	ISLR	15	74179344	74179702	random
ENSG00000129009	ISLR	15	74215215	74215534	random
ENSG00000276728	AC142472.1	17	45176276	45176540	random
ENSG00000251013	GAPDHP62	8	100473918	100474301	random
ENSG00000251013	GAPDHP62	8	100527450	100527719	random
ENSG00000092051	JPH4	14	23579663	23579896	random
ENSG00000002079	MYH16	7	99210352	99210589	random
ENSG00000002079	MYH16	7	99208072	99208383	random
ENSG00000265692	LINC01970	17	82267435	82267869	random
ENSG00000265692	LINC01970	17	82297363	82297935	random
ENSG00000265692	LINC01970	17	82298192	82298440	random
ENSG00000216657	GLRX3P2	6	3913497	3913919	random
ENSG00000216657	GLRX3P2	6	3913070	3913289	random
ENSG00000216657	GLRX3P2	6	3911965	3912244	random
ENSG00000225014	KCTD9P1	17	20059800	20060151	random
ENSG00000225014	KCTD9P1	17	20064119	20064479	random
ENSG00000225014	KCTD9P1	17	20095683	20095862	random
ENSG00000225014	KCTD9P1	17	20103996	20104270	random
ENSG00000170965	PLAC1	X	134688219	134688566	random
ENSG00000263004	AC007114.1	17	57021597	57021977	random
ENSG00000184497	TMEM255B	13	113837047	113837449	random
ENSG00000238003	RPL10P4	1	201917631	201917923	random
ENSG00000238003	RPL10P4	1	202034952	202035396	random
ENSG00000238003	RPL10P4	1	202058218	202058547	random
ENSG00000228169	PPIAP19	10	114607361	114607950	random
ENSG00000272720	AL022322.1	22	38180089	38180632	random
ENSG00000272720	AL022322.1	22	38178072	38178373	random
ENSG00000259020	AL049872.1	14	91963478	91963776	random
ENSG00000278829	AC099811.5	17	42255075	42255386	random
ENSG00000278829	AC099811.5	17	42294537	42294801	random
ENSG00000179954	SSC5D	19	55479588	55479892	random
ENSG00000179954	SSC5D	19	55581912	55582298	random
ENSG00000249026	CTNNA1P1	5	115344048	115344278	random
ENSG00000249026	CTNNA1P1	5	115426574	115426941	random
ENSG00000249026	CTNNA1P1	5	115455340	115455612	random
ENSG00000228056	CFL1P3	1	63898853	63899101	random
ENSG00000228056	CFL1P3	1	63916487	63916768	random
ENSG00000228056	CFL1P3	1	63931458	63931676	random
ENSG00000146411	SLC2A12	6	134109584	134109982	random
ENSG00000256546	AC156455.1	12	122072571	122072988	random
ENSG00000256546	AC156455.1	12	122091216	122091354	random
ENSG00000198535	C2CD4A	15	62112949	62113320	random
ENSG00000198535	C2CD4A	15	62124445	62124704	random
ENSG00000171450	CDK5R2	2	218964215	218964522	random
ENSG00000272909	AL122035.2	14	64515220	64515520	random
ENSG00000119630	PGF	14	75040586	75040815	random
ENSG00000224080	UBE2FP1	3	37082356	37082537	random
ENSG00000273001	AL731533.2	10	3045613	3045846	random
ENSG00000273001	AL731533.2	10	3091387	3091842	random
ENSG00000273001	AL731533.2	10	3095378	3095844	random
ENSG00000273001	AL731533.2	10	3107262	3107874	random
ENSG00000232573	RPL3P4	14	98909135	98909674	random
ENSG00000232573	RPL3P4	14	98906555	98906901	random
ENSG00000232573	RPL3P4	14	98953630	98953907	random
ENSG00000236698	EIF1AXP1	1	16765323	16765395	random
ENSG00000274180	NATD1	17	21263444	21263676	random
ENSG00000155792	DEPTOR	8	119919844	119920057	random
ENSG00000280106	AC008555.7	19	35006358	35006831	random
ENSG00000157021	FAM92A1P1	15	41256495	41257053	random
ENSG00000006837	CDKL3	5	134466349	134466751	random
ENSG00000085117	CD82	11	44659397	44659874	random
ENSG00000185250	PPIL6	6	109486176	109486431	random
ENSG00000180089	TMEM86B	19	55189402	55189667	random
ENSG00000142178	SIK1	21	43342927	43343476	random
ENSG00000142178	SIK1	21	43344398	43344689	random
ENSG00000142178	SIK1	21	43340826	43341053	random
ENSG00000163704	PRRT3	3	9878803	9879202	random
ENSG00000163704	PRRT3	3	9884472	9884835	random
ENSG00000234028	EIF2AK3-DT	2	88613973	88614232	random
ENSG00000234028	EIF2AK3-DT	2	88628186	88628452	random
ENSG00000253256	AC134043.1	5	159186247	159186744	random
ENSG00000253256	AC134043.1	5	159182735	159183100	random
ENSG00000253256	AC134043.1	5	159178967	159179427	random
ENSG00000267530	LINC01836	19	752642	752813	random
ENSG00000267530	LINC01836	19	872526	872833	random
ENSG00000270820	AC016727.1	2	61419753	61420075	random
ENSG00000270820	AC016727.1	2	61456341	61456586	random
ENSG00000188739	RBM34	1	235073486	235073931	random
ENSG00000188739	RBM34	1	235075470	235075834	random
ENSG00000188739	RBM34	1	235070220	235070484	random
ENSG00000260136	AC008915.2	16	23362594	23362988	random
ENSG00000260136	AC008915.2	16	23410078	23410394	random
ENSG00000260136	AC008915.2	16	23423508	23423910	random
ENSG00000197776	KLHDC1	14	49641844	49642151	random
ENSG00000187650	VMAC	19	5805907	5806088	random
ENSG00000204540	PSORS1C1	6	31186371	31186718	random
ENSG00000115507	OTX1	2	63009569	63009820	random
ENSG00000129646	QRICH2	17	76252048	76252484	random
ENSG00000170290	SLN	11	107705062	107705347	random
ENSG00000123154	WDR83	19	12750319	12750686	random
ENSG00000259523	AC022613.2	15	29735138	29735441	random
ENSG00000259523	AC022613.2	15	29736713	29736920	random
ENSG00000214756	CSKMT	11	62587815	62588143	random
ENSG00000167536	DHRS13	17	28808845	28809231	random
ENSG00000143036	SLC44A3	1	94743937	94744283	random
ENSG00000143036	SLC44A3	1	94753269	94753644	random
ENSG00000255150	EID3	12	104219365	104219936	random
ENSG00000255150	EID3	12	104220032	104220391	random
ENSG00000170917	NUDT6	4	122843056	122843277	random
ENSG00000170917	NUDT6	4	122890472	122890641	random
ENSG00000184979	USP18	22	18061254	18061600	random
ENSG00000184979	USP18	22	18057625	18057986	random
ENSG00000133874	RNF122	8	33480116	33480369	random
ENSG00000133874	RNF122	8	33479447	33479732	random
ENSG00000180884	ZNF792	19	35006358	35006831	random
ENSG00000164663	USP49	6	41967671	41967895	random
ENSG00000255121	AP003392.4	11	118919608	118920226	random
ENSG00000255121	AP003392.4	11	118920727	118921061	random
ENSG00000255121	AP003392.4	11	118916777	118917070	random
ENSG00000255121	AP003392.4	11	118917528	118917796	random
ENSG00000126903	SLC10A3	X	154541991	154542199	random
ENSG00000002822	MAD1L1	7	2309999	2310467	random
ENSG00000188818	ZDHHC11	5	912526	912750	random
ENSG00000100902	PSMA6	14	35203918	35204283	random
ENSG00000100902	PSMA6	14	35198146	35198468	random
ENSG00000100902	PSMA6	14	35213962	35214346	random
ENSG00000100902	PSMA6	14	35336515	35336872	random
ENSG00000100902	PSMA6	14	35374325	35374842	random
ENSG00000186854	TRABD2A	2	84904771	84905007	random
ENSG00000186854	TRABD2A	2	84958246	84958942	random
ENSG00000186854	TRABD2A	2	84959725	84960087	random
ENSG00000241316	SUCLG2-AS1	3	67647382	67647805	random
ENSG00000241316	SUCLG2-AS1	3	67706973	67707313	random
ENSG00000132535	DLG4	17	7228234	7228516	random
ENSG00000132535	DLG4	17	7264495	7264830	random
ENSG00000132005	RFX1	19	14017935	14018131	random
ENSG00000271383	NBPF19	1	149428390	149428789	random
ENSG00000138347	MYPN	10	68087447	68087607	random
ENSG00000138347	MYPN	10	68105852	68106107	random
ENSG00000167182	SP2	17	47955559	47955884	random
ENSG00000167182	SP2	17	47948706	47948951	random
ENSG00000167182	SP2	17	47967929	47968191	random
ENSG00000128011	LRFN1	19	39401464	39401886	random
ENSG00000128011	LRFN1	19	39397873	39398037	random
ENSG00000128011	LRFN1	19	39402153	39402617	random
ENSG00000128011	LRFN1	19	39409476	39409969	random
ENSG00000128011	LRFN1	19	39403698	39403986	random
ENSG00000128011	LRFN1	19	39411539	39411780	random
ENSG00000258738	AL121603.2	14	34833591	34833822	random
ENSG00000173083	HPSE	4	83256871	83257144	random
ENSG00000259953	AL138756.1	9	111965519	111965794	random
ENSG00000259953	AL138756.1	9	111959592	111959906	random
ENSG00000259953	AL138756.1	9	112012130	112012996	random
ENSG00000259953	AL138756.1	9	112020762	112021028	random
ENSG00000259953	AL138756.1	9	112059346	112059527	random
ENSG00000244122	UGT1A7	2	233668631	233669028	random
ENSG00000244122	UGT1A7	2	233699762	233700582	random
ENSG00000244122	UGT1A7	2	233745329	233745755	random
ENSG00000244122	UGT1A7	2	233756668	233757108	random
ENSG00000259153	AC004816.1	14	70857207	70857425	random
ENSG00000273270	AC090114.2	7	128435309	128435609	random
ENSG00000273270	AC090114.2	7	128434487	128434749	random
ENSG00000187624	C17orf97	17	348547	349063	random
ENSG00000187624	C17orf97	17	350763	351164	random
ENSG00000187624	C17orf97	17	352639	353415	random
ENSG00000127561	SYNGR3	16	1935321	1935557	random
ENSG00000127561	SYNGR3	16	2039646	2039791	random
ENSG00000127561	SYNGR3	16	2086148	2086456	random
ENSG00000124508	BTN2A2	6	26296886	26297195	random
ENSG00000253669	GASAL1	8	102790999	102791347	random
ENSG00000253669	GASAL1	8	102788986	102789257	random
ENSG00000253669	GASAL1	8	102806756	102806970	random
ENSG00000253669	GASAL1	8	102859180	102859417	random
ENSG00000196476	C20orf96	20	371799	372190	random
ENSG00000171222	SCAND1	20	35866684	35867073	random
ENSG00000171222	SCAND1	20	35883711	35884335	random
ENSG00000158163	DZIP1L	3	138079124	138079645	random
ENSG00000144485	HES6	2	238285676	238286000	random
ENSG00000144485	HES6	2	238290182	238290551	random
ENSG00000124191	TOX2	20	43849878	43850280	random
ENSG00000198892	SHISA4	1	201917631	201917923	random
ENSG00000185442	FAM174B	15	92803872	92804424	random
ENSG00000185442	FAM174B	15	92805239	92805418	random
ENSG00000185442	FAM174B	15	92869355	92869631	random
ENSG00000167994	RAB3IL1	11	61821008	61821369	random
ENSG00000167994	RAB3IL1	11	61961364	61961887	random
ENSG00000167994	RAB3IL1	11	61971497	61972257	random
ENSG00000167994	RAB3IL1	11	61972751	61973061	random
ENSG00000167994	RAB3IL1	11	62013163	62013264	random
ENSG00000263412	AC004477.1	17	47955559	47955884	random
ENSG00000263412	AC004477.1	17	47948706	47948951	random
ENSG00000263412	AC004477.1	17	47967929	47968191	random
ENSG00000263412	AC004477.1	17	48053455	48053755	random
ENSG00000251432	LINC02615	4	128349864	128350165	random
ENSG00000251432	LINC02615	4	128354269	128354671	random
ENSG00000142252	GEMIN7	19	45175741	45176040	random
ENSG00000142252	GEMIN7	19	45154277	45154816	random
ENSG00000106635	BCL7B	7	73612783	73613038	random
ENSG00000213390	ARHGAP19	10	97297999	97298274	random
ENSG00000104047	DTWD1	15	49627423	49627854	random
ENSG00000013523	ANGEL1	14	76904868	76905475	random
ENSG00000164125	GASK1B	4	158120719	158121356	random
ENSG00000106397	PLOD3	7	101118290	101118612	random
ENSG00000106397	PLOD3	7	101126768	101127030	random
ENSG00000163322	ABRAXAS1	4	83546840	83547204	random
ENSG00000163322	ABRAXAS1	4	83552145	83552364	random
ENSG00000163322	ABRAXAS1	4	83561463	83561765	random
ENSG00000163322	ABRAXAS1	4	83584843	83585084	random
ENSG00000126214	KLC1	14	103525539	103525854	random
ENSG00000135392	DNAJC14	12	55847976	55848228	random
ENSG00000135392	DNAJC14	12	55909212	55909457	random
ENSG00000182154	MRPL41	9	137612228	137612536	random
ENSG00000148426	PROSER2	10	11825833	11826062	random
ENSG00000148426	PROSER2	10	11898311	11898588	random
ENSG00000148426	PROSER2	10	11747239	11747489	random
ENSG00000151743	AMN1	12	31644525	31644816	random
ENSG00000151743	AMN1	12	31749283	31749615	random
ENSG00000151743	AMN1	12	31780162	31780489	random
ENSG00000170604	IRF2BP1	19	45959339	45959630	random
ENSG00000135334	AKIRIN2	6	87731846	87732166	random
ENSG00000072121	ZFYVE26	14	67763432	67763722	random
ENSG00000164951	PDP1	8	93898607	93898925	random
ENSG00000164951	PDP1	8	93936018	93936294	random
ENSG00000164951	PDP1	8	93957749	93958046	random
ENSG00000149089	APIP	11	34825656	34825959	random
ENSG00000149089	APIP	11	35009371	35009894	random
ENSG00000149089	APIP	11	35003773	35004061	random
ENSG00000075336	TIMM21	18	74234333	74234721	random
ENSG00000105726	ATP13A1	19	19606029	19606249	random
ENSG00000148719	DNAJB12	10	72255077	72255519	random
ENSG00000148719	DNAJB12	10	72260445	72260914	random
ENSG00000148719	DNAJB12	10	72256004	72256359	random
ENSG00000148719	DNAJB12	10	72272725	72273025	random
ENSG00000148719	DNAJB12	10	72319619	72319828	random
ENSG00000156313	RPGR	X	38305950	38306261	random
ENSG00000275410	HNF1B	17	37717217	37717419	random
ENSG00000105058	FAM32A	19	16093657	16093956	random
ENSG00000160214	RRP1	21	43712684	43712839	random
ENSG00000160214	RRP1	21	43712460	43712603	random
ENSG00000178694	NSUN3	3	94158990	94159464	random
ENSG00000198792	TMEM184B	22	38180089	38180632	random
ENSG00000198792	TMEM184B	22	38178072	38178373	random
ENSG00000198792	TMEM184B	22	38222815	38223097	random
ENSG00000198792	TMEM184B	22	38228672	38229031	random
ENSG00000197971	MBP	18	77071880	77072059	random
ENSG00000142751	GPN2	1	26812752	26813029	random
ENSG00000142751	GPN2	1	26849284	26849636	random
ENSG00000142751	GPN2	1	26961813	26962207	random
ENSG00000142039	CCDC97	19	41376306	41376506	random
ENSG00000158122	PRXL2C	9	96612156	96612386	random
ENSG00000259494	MRPL46	15	88388697	88389029	random
ENSG00000259494	MRPL46	15	88385223	88385556	random
ENSG00000259494	MRPL46	15	88391697	88391985	random
ENSG00000011105	TSPAN9	12	3168796	3169077	random
ENSG00000011105	TSPAN9	12	3170839	3171079	random
ENSG00000112343	TRIM38	6	25883943	25884435	random
ENSG00000178605	GTPBP6	X	264901	265182	random
ENSG00000164463	CREBRF	5	172999662	173000015	random
ENSG00000164463	CREBRF	5	173011627	173011906	random
ENSG00000012061	ERCC1	19	45577084	45577325	random
ENSG00000196878	LAMB3	1	209688706	209688964	random
ENSG00000162623	TYW3	1	74731373	74731801	random
ENSG00000175416	CLTB	5	176330419	176330631	random
ENSG00000086289	EPDR1	7	37666069	37666776	random
ENSG00000118564	FBXL5	4	15774175	15774616	random
ENSG00000123143	PKN1	19	14497145	14497385	random
ENSG00000123143	PKN1	19	14510450	14510881	random
ENSG00000142634	EFHD2	1	15356142	15356503	random
ENSG00000142634	EFHD2	1	15356988	15357217	random
ENSG00000133704	IPO8	12	30795087	30795341	random
ENSG00000043143	JADE2	5	134466349	134466751	random
ENSG00000043143	JADE2	5	134509433	134509784	random
ENSG00000112079	STK38	6	36617124	36617364	random
ENSG00000165637	VDAC2	10	75127391	75127955	random
ENSG00000165637	VDAC2	10	75191917	75192408	random
ENSG00000165637	VDAC2	10	75225547	75225782	random
ENSG00000111666	CHPT1	12	101616111	101616485	random
ENSG00000122644	ARL4A	7	12712354	12712587	random
ENSG00000122644	ARL4A	7	12715672	12716132	random
ENSG00000141756	FKBP10	17	41910250	41910461	random
ENSG00000168883	USP39	2	85681366	85681641	random
ENSG00000114857	NKTR	3	42544493	42545192	random
ENSG00000172270	BSG	19	624048	624315	random
ENSG00000096401	CDC5L	6	44452788	44453137	random
ENSG00000171492	LRRC8D	1	89890176	89890486	random
ENSG00000143322	ABL2	1	179310855	179311078	random
ENSG00000113716	HMGXB3	5	149938990	149939341	random
ENSG00000113716	HMGXB3	5	149938381	149938568	random
ENSG00000101166	PRELID3B	20	59048001	59048309	random
ENSG00000168275	COA6	1	234372028	234372261	random
ENSG00000211456	SACM1L	3	45617480	45617862	random
ENSG00000211456	SACM1L	3	45618182	45618410	random
ENSG00000211456	SACM1L	3	45677238	45677511	random
ENSG00000101003	GINS1	20	25310337	25310817	random
ENSG00000101003	GINS1	20	25309361	25309770	random
ENSG00000101003	GINS1	20	25309053	25309309	random
ENSG00000151092	NGLY1	3	25854380	25854594	random
ENSG00000134851	TMEM165	4	55357194	55357322	random
ENSG00000144567	RETREG2	2	219125207	219125575	random
ENSG00000144567	RETREG2	2	219126720	219126981	random
ENSG00000185009	AP3M1	10	74056143	74056907	random
ENSG00000185009	AP3M1	10	74072508	74072943	random
ENSG00000115904	SOS1	2	39139025	39139246	random
ENSG00000112697	TMEM30A	6	75300144	75300528	random
ENSG00000213626	LBH	2	30178605	30179102	random
ENSG00000213626	LBH	2	30185137	30185562	random
ENSG00000213626	LBH	2	30274509	30275073	random
ENSG00000213626	LBH	2	30293299	30293641	random
ENSG00000174748	RPL15	3	23843222	23843447	random
ENSG00000174748	RPL15	3	23959294	23959908	random
ENSG00000167526	RPL13	16	89505470	89505707	random
ENSG00000167526	RPL13	16	89581078	89581503	random
ENSG00000070214	SLC44A1	9	105206900	105207246	random
ENSG00000070214	SLC44A1	9	105219381	105219656	random
ENSG00000070214	SLC44A1	9	105299475	105299762	random
ENSG00000123505	AMD1	6	110952256	110952731	random
ENSG00000147604	RPL7	8	73311590	73311931	random
ENSG00000147604	RPL7	8	73312556	73312787	random
ENSG00000147604	RPL7	8	73356426	73356712	random
ENSG00000147604	RPL7	8	73358433	73358718	random
ENSG00000197879	MYO1C	17	1422910	1423186	random
ENSG00000197879	MYO1C	17	1590474	1590692	random
ENSG00000122565	CBX3	7	26265223	26265429	random
ENSG00000172216	CEBPB	20	50137832	50138211	random
ENSG00000172216	CEBPB	20	50187566	50187824	random
ENSG00000082781	ITGB5	3	124812689	124813160	random
ENSG00000082781	ITGB5	3	124837718	124838308	random
ENSG00000082781	ITGB5	3	124860634	124861253	random
ENSG00000082781	ITGB5	3	124878593	124879229	random
ENSG00000167460	TPM4	19	16093657	16093956	random
ENSG00000138119	MYOF	10	93471061	93471500	random
ENSG00000138119	MYOF	10	93475844	93476100	random
ENSG00000111319	SCNN1A	12	6376115	6376498	up-regulated
ENSG00000111319	SCNN1A	12	6372928	6373377	up-regulated
ENSG00000072071	ADGRL1	19	14220165	14220218	up-regulated
ENSG00000132965	ALOX5AP	13	30713182	30713538	up-regulated
ENSG00000132965	ALOX5AP	13	30743308	30744045	up-regulated
ENSG00000166825	ANPEP	15	89812217	89812527	up-regulated
ENSG00000179593	ALOX15B	17	7959608	7959849	up-regulated
ENSG00000179593	ALOX15B	17	8041212	8041551	up-regulated
ENSG00000187288	CIDEC	3	9878803	9879202	up-regulated
ENSG00000187288	CIDEC	3	9884472	9884835	up-regulated
ENSG00000189221	MAOA	X	43589781	43590135	up-regulated
ENSG00000189221	MAOA	X	43707959	43708299	up-regulated
ENSG00000189221	MAOA	X	43703356	43703667	up-regulated
ENSG00000117594	HSD11B1	1	209688706	209688964	up-regulated
ENSG00000173698	ADGRG2	X	19127585	19128044	up-regulated
ENSG00000173698	ADGRG2	X	19214377	19214625	up-regulated
ENSG00000160796	NBEAL2	3	46948002	46948556	up-regulated
ENSG00000160796	NBEAL2	3	46943687	46943961	up-regulated
ENSG00000134531	EMP1	12	13102091	13102500	up-regulated
ENSG00000134531	EMP1	12	13135860	13136154	up-regulated
ENSG00000137699	TRIM29	11	120125001	120125291	up-regulated
ENSG00000163082	SGPP2	2	222452492	222452728	up-regulated
ENSG00000163993	S100P	4	6633149	6633641	up-regulated
ENSG00000163993	S100P	4	6695773	6695988	up-regulated
ENSG00000163993	S100P	4	6750888	6751303	up-regulated
ENSG00000039987	BEST2	19	12750319	12750686	up-regulated
ENSG00000039987	BEST2	19	12783895	12784297	up-regulated
ENSG00000181885	CLDN7	17	7228234	7228516	up-regulated
ENSG00000181885	CLDN7	17	7264495	7264830	up-regulated
ENSG00000122862	SRGN	10	69061410	69061857	up-regulated
ENSG00000122862	SRGN	10	69087706	69088216	up-regulated
ENSG00000166589	CDH16	16	66919067	66919372	up-regulated
ENSG00000166589	CDH16	16	66996401	66996766	up-regulated
ENSG00000166589	CDH16	16	66996964	66997385	up-regulated
ENSG00000168447	SCNN1B	16	23256456	23256799	up-regulated
ENSG00000168447	SCNN1B	16	23258301	23258666	up-regulated
ENSG00000168447	SCNN1B	16	23362594	23362988	up-regulated
ENSG00000171560	FGA	4	154560761	154561167	up-regulated
ENSG00000171560	FGA	4	154560290	154560527	up-regulated
ENSG00000171560	FGA	4	154577328	154577632	up-regulated
ENSG00000171560	FGA	4	154598031	154598352	up-regulated
ENSG00000171560	FGA	4	154590706	154591005	up-regulated
ENSG00000171560	FGA	4	154595868	154596176	up-regulated
ENSG00000147689	FAM83A	8	123217139	123217468	up-regulated
ENSG00000171954	CYP4F22	19	15495216	15495508	up-regulated
ENSG00000125730	C3	19	6744899	6745260	up-regulated
ENSG00000140519	RHCG	15	89498237	89498606	up-regulated
ENSG00000140519	RHCG	15	89496777	89497107	up-regulated
ENSG00000138356	AOX1	2	200564242	200564435	up-regulated
ENSG00000138356	AOX1	2	200600672	200600880	up-regulated
ENSG00000138356	AOX1	2	200624647	200625059	up-regulated
ENSG00000138356	AOX1	2	200678207	200678583	up-regulated
ENSG00000120057	SFRP5	10	97724396	97724772	up-regulated
ENSG00000120057	SFRP5	10	97718831	97719043	up-regulated
ENSG00000111249	CUX2	12	110934494	110934849	up-regulated
ENSG00000111249	CUX2	12	111063676	111064113	up-regulated
ENSG00000111249	CUX2	12	111067510	111067929	up-regulated
ENSG00000111249	CUX2	12	111076945	111077184	up-regulated
ENSG00000276980	AC008760.2	19	6744899	6745260	up-regulated
ENSG00000114107	CEP70	3	138494162	138494558	up-regulated
ENSG00000114107	CEP70	3	138597433	138597809	up-regulated
ENSG00000151726	ACSL1	4	184793033	184793404	up-regulated
ENSG00000151726	ACSL1	4	184808125	184808370	up-regulated
ENSG00000151726	ACSL1	4	184813267	184813896	up-regulated
ENSG00000151726	ACSL1	4	184898886	184899162	up-regulated
ENSG00000161638	ITGA5	12	54421148	54421476	up-regulated
ENSG00000143845	ETNK2	1	204150146	204150514	up-regulated
ENSG00000213853	EMP2	16	10520443	10520914	up-regulated
ENSG00000213853	EMP2	16	10602014	10602241	up-regulated
ENSG00000120675	DNAJC15	13	43004818	43005914	up-regulated
ENSG00000120675	DNAJC15	13	42996602	42996804	up-regulated
ENSG00000120675	DNAJC15	13	43045391	43045774	up-regulated
ENSG00000205420	KRT6A	12	52494491	52494790	up-regulated
ENSG00000146555	SDK1	7	3239273	3239577	up-regulated
ENSG00000146555	SDK1	7	3275923	3276176	up-regulated
ENSG00000197142	ACSL5	10	112332534	112332850	up-regulated
ENSG00000197142	ACSL5	10	112360606	112360816	up-regulated
ENSG00000163283	ALPP	2	232378407	232378650	up-regulated
ENSG00000148175	STOM	9	121287035	121287248	up-regulated
ENSG00000148175	STOM	9	121322235	121322709	up-regulated
ENSG00000148175	STOM	9	121323039	121323379	up-regulated
ENSG00000148175	STOM	9	121326007	121326452	up-regulated
ENSG00000148175	STOM	9	121372444	121373435	up-regulated
ENSG00000092068	SLC7A8	14	23145788	23146182	up-regulated
ENSG00000145569	OTULINL	5	14588938	14589376	up-regulated
ENSG00000132915	PDE6A	5	149857426	149857908	up-regulated
ENSG00000132915	PDE6A	5	149896027	149896352	up-regulated
ENSG00000132915	PDE6A	5	149938990	149939341	up-regulated
ENSG00000132915	PDE6A	5	149938381	149938568	up-regulated
ENSG00000132821	VSTM2L	20	37990554	37990993	up-regulated
ENSG00000132821	VSTM2L	20	37989647	37990001	up-regulated
ENSG00000132821	VSTM2L	20	37994559	37994896	up-regulated
ENSG00000143382	ADAMTSL4	1	150568064	150568480	up-regulated
ENSG00000143382	ADAMTSL4	1	150561294	150561630	up-regulated
ENSG00000143382	ADAMTSL4	1	150613417	150613884	up-regulated
ENSG00000143382	ADAMTSL4	1	150611568	150611904	up-regulated
ENSG00000196136	SERPINA3	14	94599015	94599627	up-regulated
ENSG00000196136	SERPINA3	14	94600765	94601042	up-regulated
ENSG00000125089	SH3TC1	4	8101199	8101621	up-regulated
ENSG00000125089	SH3TC1	4	8099902	8100303	up-regulated
ENSG00000125089	SH3TC1	4	8096436	8096714	up-regulated
ENSG00000125089	SH3TC1	4	8183448	8183795	up-regulated
ENSG00000120658	ENOX1	13	43805083	43805504	up-regulated
ENSG00000152767	FARP1	13	98129180	98129748	up-regulated
ENSG00000166741	NNMT	11	114162763	114163261	up-regulated
ENSG00000166741	NNMT	11	114160028	114160423	up-regulated
ENSG00000166741	NNMT	11	114179158	114179748	up-regulated
ENSG00000166741	NNMT	11	114163986	114164277	up-regulated
ENSG00000166741	NNMT	11	114171366	114171678	up-regulated
ENSG00000166741	NNMT	11	114294829	114295392	up-regulated
ENSG00000166741	NNMT	11	114296235	114296511	up-regulated
ENSG00000166741	NNMT	11	114308830	114309172	up-regulated
ENSG00000166741	NNMT	11	114315733	114316278	up-regulated
ENSG00000163399	ATP1A1	1	116376408	116376802	up-regulated
ENSG00000163399	ATP1A1	1	116377955	116378251	up-regulated
ENSG00000163702	IL17RC	3	9878803	9879202	up-regulated
ENSG00000163702	IL17RC	3	9884472	9884835	up-regulated
ENSG00000109906	ZBTB16	11	114154426	114154948	up-regulated
ENSG00000115756	HPCAL1	2	10270736	10271125	up-regulated
ENSG00000115756	HPCAL1	2	10342439	10342841	up-regulated
ENSG00000115756	HPCAL1	2	10385897	10386390	up-regulated
ENSG00000115756	HPCAL1	2	10389577	10390077	up-regulated
ENSG00000135094	SDS	12	113413636	113413942	up-regulated
ENSG00000135094	SDS	12	113418128	113418486	up-regulated
ENSG00000169894	MUC3A	7	100983448	100983912	up-regulated
ENSG00000187193	MT1X	16	56608182	56608537	up-regulated
ENSG00000187193	MT1X	16	56606629	56607558	up-regulated
ENSG00000132470	ITGB4	17	75679824	75680215	up-regulated
ENSG00000132470	ITGB4	17	75685091	75685349	up-regulated
ENSG00000132470	ITGB4	17	75700278	75700813	up-regulated
ENSG00000132470	ITGB4	17	75693568	75694198	up-regulated
ENSG00000080618	CPB2	13	46120160	46120550	up-regulated
ENSG00000125148	MT2A	16	56608182	56608537	up-regulated
ENSG00000125148	MT2A	16	56606629	56607558	up-regulated
ENSG00000158445	KCNB1	20	49510500	49510835	up-regulated
ENSG00000158445	KCNB1	20	49583632	49583926	up-regulated
ENSG00000131746	TNS4	17	40486051	40486709	up-regulated
ENSG00000131746	TNS4	17	40509902	40510654	up-regulated
ENSG00000131746	TNS4	17	40521540	40521905	up-regulated
ENSG00000131746	TNS4	17	40542478	40543127	up-regulated
ENSG00000131746	TNS4	17	40549188	40549746	up-regulated
ENSG00000131746	TNS4	17	40536785	40537118	up-regulated
ENSG00000131746	TNS4	17	40551828	40552304	up-regulated
ENSG00000131746	TNS4	17	40551217	40551487	up-regulated
ENSG00000131746	TNS4	17	40533855	40534083	up-regulated
ENSG00000064787	BCAS1	20	54115893	54116093	down-regulated
ENSG00000064787	BCAS1	20	54123645	54124140	down-regulated
ENSG00000124205	EDN3	20	59299932	59300350	up-regulated
ENSG00000124205	EDN3	20	59347457	59347810	up-regulated
ENSG00000124205	EDN3	20	59350751	59351792	up-regulated
ENSG00000162998	FRZB	2	182916113	182916838	up-regulated
ENSG00000106351	AGFG2	7	100545681	100546313	up-regulated
ENSG00000162426	SLC45A1	1	8238248	8238501	up-regulated
ENSG00000162426	SLC45A1	1	8258904	8260028	up-regulated
ENSG00000162426	SLC45A1	1	8343415	8344035	up-regulated
ENSG00000162426	SLC45A1	1	8348574	8348968	up-regulated
ENSG00000162426	SLC45A1	1	8396931	8397349	up-regulated
ENSG00000173210	ABLIM3	5	149134397	149134806	up-regulated
ENSG00000173210	ABLIM3	5	149135440	149135756	up-regulated
ENSG00000111077	TNS2	12	52969866	52970351	up-regulated
ENSG00000111077	TNS2	12	52971724	52972147	up-regulated
ENSG00000111077	TNS2	12	53049555	53049922	up-regulated
ENSG00000197405	C5AR1	19	47250523	47250874	up-regulated
ENSG00000197405	C5AR1	19	47305421	47305795	up-regulated
ENSG00000197405	C5AR1	19	47315356	47315735	up-regulated
ENSG00000197405	C5AR1	19	47310934	47311151	up-regulated
ENSG00000256268	LINC02454	12	65613859	65614062	up-regulated
ENSG00000256268	LINC02454	12	65631608	65632126	up-regulated
ENSG00000256268	LINC02454	12	65649014	65649556	up-regulated
ENSG00000256268	LINC02454	12	65634907	65635254	up-regulated
ENSG00000078018	MAP2	2	209383321	209383543	up-regulated
ENSG00000078018	MAP2	2	209473867	209474186	up-regulated
ENSG00000078018	MAP2	2	209472659	209473190	up-regulated
ENSG00000078018	MAP2	2	209495816	209496322	up-regulated
ENSG00000022567	SLC45A4	8	141228501	141228815	up-regulated
ENSG00000022567	SLC45A4	8	141239342	141239862	up-regulated
ENSG00000022567	SLC45A4	8	141257399	141258044	up-regulated
ENSG00000022567	SLC45A4	8	141256943	141257293	up-regulated
ENSG00000231298	MANCR	10	4663009	4663466	down-regulated
ENSG00000231298	MANCR	10	4677572	4678478	down-regulated
ENSG00000231298	MANCR	10	4726026	4726357	down-regulated
ENSG00000231298	MANCR	10	4735241	4735511	down-regulated
ENSG00000231298	MANCR	10	4736821	4737049	down-regulated
ENSG00000099998	GGT5	22	24207821	24208411	up-regulated
ENSG00000099998	GGT5	22	24200725	24201020	up-regulated
ENSG00000099998	GGT5	22	24245604	24245864	up-regulated
ENSG00000158747	NBL1	1	19504942	19505148	up-regulated
ENSG00000158747	NBL1	1	19613475	19613686	up-regulated
ENSG00000158747	NBL1	1	19640001	19640342	up-regulated
ENSG00000113924	HGD	3	120661262	120661679	up-regulated
ENSG00000113924	HGD	3	120678397	120678810	up-regulated
ENSG00000113924	HGD	3	120682167	120682623	up-regulated
ENSG00000113924	HGD	3	120689423	120689787	up-regulated
ENSG00000113924	HGD	3	120693378	120693759	up-regulated
ENSG00000137809	ITGA11	15	68341001	68341258	down-regulated
ENSG00000180287	PLD5	1	242530732	242531081	up-regulated
ENSG00000096060	FKBP5	6	35640031	35640483	up-regulated
ENSG00000096060	FKBP5	6	35722388	35722895	up-regulated
ENSG00000096060	FKBP5	6	35727902	35728295	up-regulated
ENSG00000096060	FKBP5	6	35731762	35732332	up-regulated
ENSG00000096060	FKBP5	6	35725612	35727165	up-regulated
ENSG00000107438	PDLIM1	10	95273381	95273924	up-regulated
ENSG00000107438	PDLIM1	10	95278048	95278555	up-regulated
ENSG00000152463	OLAH	10	15043704	15044011	up-regulated
ENSG00000094804	CDC6	17	40333911	40334102	down-regulated
ENSG00000104415	CCN4	8	133139456	133139703	up-regulated
ENSG00000104415	CCN4	8	133182498	133182864	up-regulated
ENSG00000104415	CCN4	8	133184794	133185096	up-regulated
ENSG00000167995	BEST1	11	61961364	61961887	up-regulated
ENSG00000167995	BEST1	11	61971497	61972257	up-regulated
ENSG00000167995	BEST1	11	61972751	61973061	up-regulated
ENSG00000167995	BEST1	11	62013163	62013264	up-regulated
ENSG00000167995	BEST1	11	62025540	62025943	up-regulated
ENSG00000091622	PITPNM3	17	6548647	6548856	up-regulated
ENSG00000091622	PITPNM3	17	6591438	6591892	up-regulated
ENSG00000091622	PITPNM3	17	6592263	6592538	up-regulated
ENSG00000128335	APOL2	22	36250345	36250546	up-regulated
ENSG00000119138	KLF9	9	70419832	70420362	up-regulated
ENSG00000119138	KLF9	9	70419111	70419645	up-regulated
ENSG00000119138	KLF9	9	70438566	70438926	up-regulated
ENSG00000119138	KLF9	9	70480792	70481002	up-regulated
ENSG00000152689	RASGRP3	2	33411672	33412213	down-regulated
ENSG00000125735	TNFSF14	19	6744899	6745260	up-regulated
ENSG00000185745	IFIT1	10	89481592	89482017	up-regulated
ENSG00000185745	IFIT1	10	89475456	89475934	up-regulated
ENSG00000185745	IFIT1	10	89476844	89477218	up-regulated
ENSG00000166828	SCNN1G	16	23124277	23124664	up-regulated
ENSG00000166828	SCNN1G	16	23256456	23256799	up-regulated
ENSG00000166828	SCNN1G	16	23258301	23258666	up-regulated
ENSG00000128274	A4GALT	22	42688378	42688588	up-regulated
ENSG00000128274	A4GALT	22	42742144	42742397	up-regulated
ENSG00000136378	ADAMTS7	15	78798469	78798757	up-regulated
ENSG00000184205	TSPYL2	X	53071593	53072005	up-regulated
ENSG00000184205	TSPYL2	X	53086522	53086726	up-regulated
ENSG00000116133	DHCR24	1	54869287	54869511	up-regulated
ENSG00000116133	DHCR24	1	54883902	54884151	up-regulated
ENSG00000163932	PRKCD	3	53145417	53145682	up-regulated
ENSG00000163932	PRKCD	3	53150231	53150613	up-regulated
ENSG00000165887	ANKRD2	10	97574719	97575041	up-regulated
ENSG00000165887	ANKRD2	10	97596648	97597078	up-regulated
ENSG00000163995	ABLIM2	4	8101199	8101621	up-regulated
ENSG00000163995	ABLIM2	4	8099902	8100303	up-regulated
ENSG00000163995	ABLIM2	4	8096436	8096714	up-regulated
ENSG00000163995	ABLIM2	4	8183448	8183795	up-regulated
ENSG00000106211	HSPB1	7	76294292	76294765	up-regulated
ENSG00000271447	MMP28	17	35717174	35717395	up-regulated
ENSG00000134830	C5AR2	19	47250523	47250874	up-regulated
ENSG00000134830	C5AR2	19	47305421	47305795	up-regulated
ENSG00000134830	C5AR2	19	47315356	47315735	up-regulated
ENSG00000134830	C5AR2	19	47310934	47311151	up-regulated
ENSG00000113083	LOX	5	122165521	122165884	up-regulated
ENSG00000135697	BCO1	16	81141340	81141592	down-regulated
ENSG00000148180	GSN	9	121287035	121287248	up-regulated
ENSG00000042832	TG	8	132877297	132877712	up-regulated
ENSG00000042832	TG	8	132898871	132899323	up-regulated
ENSG00000042832	TG	8	132947400	132947647	up-regulated
ENSG00000173262	SLC2A14	12	7907118	7907373	up-regulated
ENSG00000173262	SLC2A14	12	7896731	7897103	up-regulated
ENSG00000276043	UHRF1	19	4870141	4870385	down-regulated
ENSG00000154217	PITPNC1	17	67390595	67391036	up-regulated
ENSG00000154217	PITPNC1	17	67421917	67422326	up-regulated
ENSG00000198959	TGM2	20	38109848	38110485	up-regulated
ENSG00000198959	TGM2	20	38198471	38198778	up-regulated
ENSG00000198959	TGM2	20	38209134	38209363	up-regulated
ENSG00000113196	HAND1	5	154470349	154470599	up-regulated
ENSG00000113196	HAND1	5	154538261	154538641	up-regulated
ENSG00000165548	TMEM63C	14	77076376	77076589	up-regulated
ENSG00000155465	SLC7A7	14	22807582	22807862	up-regulated
ENSG00000180861	LINC01559	12	13347346	13347546	down-regulated
ENSG00000155254	MARVELD1	10	97724396	97724772	up-regulated
ENSG00000155254	MARVELD1	10	97718831	97719043	up-regulated
ENSG00000130518	IQCN	19	18365010	18365320	up-regulated
ENSG00000248187	AC078850.1	4	128529263	128529483	up-regulated
ENSG00000248187	AC078850.1	4	128521781	128522098	up-regulated
ENSG00000248187	AC078850.1	4	128552843	128553229	up-regulated
ENSG00000248187	AC078850.1	4	128571710	128572147	up-regulated
ENSG00000248187	AC078850.1	4	128573778	128574214	up-regulated
ENSG00000248187	AC078850.1	4	128601402	128601758	up-regulated
ENSG00000248187	AC078850.1	4	128635320	128635601	up-regulated
ENSG00000248187	AC078850.1	4	128635669	128635688	up-regulated
ENSG00000248187	AC078850.1	4	128660226	128661075	up-regulated
ENSG00000197580	BCO2	11	112157320	112157585	up-regulated
ENSG00000145703	IQGAP2	5	76472472	76472937	up-regulated
ENSG00000145703	IQGAP2	5	76496384	76496610	up-regulated
ENSG00000279662	AC131649.2	16	10520443	10520914	up-regulated
ENSG00000279806	AC018629.1	17	40486051	40486709	up-regulated
ENSG00000279806	AC018629.1	17	40509902	40510654	up-regulated
ENSG00000279806	AC018629.1	17	40521540	40521905	up-regulated
ENSG00000279806	AC018629.1	17	40542478	40543127	up-regulated
ENSG00000279806	AC018629.1	17	40549188	40549746	up-regulated
ENSG00000279806	AC018629.1	17	40536785	40537118	up-regulated
ENSG00000279806	AC018629.1	17	40551828	40552304	up-regulated
ENSG00000279806	AC018629.1	17	40551217	40551487	up-regulated
ENSG00000279806	AC018629.1	17	40533855	40534083	up-regulated
ENSG00000100297	MCM5	22	35364341	35364563	down-regulated
ENSG00000229619	MBNL1-AS1	3	152270222	152270554	up-regulated
ENSG00000229619	MBNL1-AS1	3	152307751	152308342	up-regulated
ENSG00000229619	MBNL1-AS1	3	152328920	152329184	up-regulated
ENSG00000229619	MBNL1-AS1	3	152331235	152331478	up-regulated
ENSG00000159251	ACTC1	15	34716224	34716441	down-regulated
ENSG00000171564	FGB	4	154560761	154561167	up-regulated
ENSG00000171564	FGB	4	154560290	154560527	up-regulated
ENSG00000171564	FGB	4	154577328	154577632	up-regulated
ENSG00000171564	FGB	4	154598031	154598352	up-regulated
ENSG00000171564	FGB	4	154590706	154591005	up-regulated
ENSG00000171564	FGB	4	154595868	154596176	up-regulated
ENSG00000119686	FLVCR2	14	75535809	75536368	up-regulated
ENSG00000119686	FLVCR2	14	75531631	75532101	up-regulated
ENSG00000119686	FLVCR2	14	75559807	75560202	up-regulated
ENSG00000119686	FLVCR2	14	75602701	75602890	up-regulated
ENSG00000119686	FLVCR2	14	75648434	75648812	up-regulated
ENSG00000057294	PKP2	12	32917183	32917573	up-regulated
ENSG00000057294	PKP2	12	32920545	32920878	up-regulated
ENSG00000205177	C11orf91	11	33690366	33690732	up-regulated
ENSG00000205177	C11orf91	11	33723244	33723550	up-regulated
ENSG00000205177	C11orf91	11	33701536	33702129	up-regulated
ENSG00000225783	MIAT	22	26703468	26703692	down-regulated
ENSG00000145687	SSBP2	5	81755278	81755644	up-regulated
ENSG00000134548	SPX	12	21559763	21560608	up-regulated
ENSG00000134548	SPX	12	21562882	21563342	up-regulated
ENSG00000134548	SPX	12	21566270	21566530	up-regulated
ENSG00000134548	SPX	12	21614048	21614371	up-regulated
ENSG00000015413	DPEP1	16	89581078	89581503	up-regulated
ENSG00000221968	FADS3	11	61821008	61821369	up-regulated
ENSG00000221968	FADS3	11	61961364	61961887	up-regulated
ENSG00000221968	FADS3	11	61971497	61972257	up-regulated
ENSG00000221968	FADS3	11	61972751	61973061	up-regulated
ENSG00000141750	STAC2	17	39222181	39222463	up-regulated
ENSG00000141750	STAC2	17	39209410	39209618	up-regulated
ENSG00000162975	KCNF1	2	10846241	10846648	down-regulated
ENSG00000232721	AC239800.2	1	143756067	143756343	up-regulated
ENSG00000121270	ABCC11	16	48165231	48165763	up-regulated
ENSG00000121270	ABCC11	16	48204499	48204843	up-regulated
ENSG00000096088	PGC	6	41728516	41728704	up-regulated
ENSG00000096088	PGC	6	41747595	41747884	up-regulated
ENSG00000100994	PYGB	20	25237680	25238283	up-regulated
ENSG00000100994	PYGB	20	25234494	25235172	up-regulated
ENSG00000100994	PYGB	20	25233515	25233726	up-regulated
ENSG00000100994	PYGB	20	25277867	25278263	up-regulated
ENSG00000100994	PYGB	20	25276668	25276896	up-regulated
ENSG00000100994	PYGB	20	25310337	25310817	up-regulated
ENSG00000100994	PYGB	20	25309361	25309770	up-regulated
ENSG00000100994	PYGB	20	25309053	25309309	up-regulated
ENSG00000166165	CKB	14	103525539	103525854	up-regulated
ENSG00000106266	SNX8	7	2309999	2310467	up-regulated
ENSG00000186198	SLC51B	15	65044961	65045234	up-regulated
ENSG00000171097	KYAT1	9	128874466	128874847	up-regulated
ENSG00000171097	KYAT1	9	128875868	128876068	up-regulated
ENSG00000171097	KYAT1	9	128870699	128870934	up-regulated
ENSG00000171097	KYAT1	9	128878478	128878753	up-regulated
ENSG00000171097	KYAT1	9	128911577	128911902	up-regulated
ENSG00000171097	KYAT1	9	128917128	128917407	up-regulated
ENSG00000171097	KYAT1	9	128912473	128912708	up-regulated
ENSG00000171097	KYAT1	9	128920376	128920936	up-regulated
ENSG00000170421	KRT8	12	52925886	52926331	up-regulated
ENSG00000170421	KRT8	12	52927197	52927707	up-regulated
ENSG00000170421	KRT8	12	52942690	52942971	up-regulated
ENSG00000170421	KRT8	12	52969866	52970351	up-regulated
ENSG00000170421	KRT8	12	52971724	52972147	up-regulated
ENSG00000170421	KRT8	12	53049555	53049922	up-regulated
ENSG00000137767	SQOR	15	45641390	45641777	up-regulated
ENSG00000157600	TMEM164	X	110036344	110036725	up-regulated
ENSG00000157600	TMEM164	X	110082177	110082602	up-regulated
ENSG00000157600	TMEM164	X	110081725	110082079	up-regulated
ENSG00000157600	TMEM164	X	110086943	110088076	up-regulated
ENSG00000157600	TMEM164	X	110086326	110086580	up-regulated
ENSG00000164161	HHIP	4	144562054	144562287	down-regulated
ENSG00000164161	HHIP	4	144583017	144583247	down-regulated
ENSG00000183671	GPR1	2	206213389	206213664	up-regulated
ENSG00000120899	PTK2B	8	27250055	27250273	up-regulated
ENSG00000120899	PTK2B	8	27282488	27282867	up-regulated
ENSG00000120899	PTK2B	8	27280926	27281188	up-regulated
ENSG00000120899	PTK2B	8	27399955	27400348	up-regulated
ENSG00000140092	FBLN5	14	91963478	91963776	up-regulated
ENSG00000115112	TFCP2L1	2	121185718	121186040	up-regulated
ENSG00000115112	TFCP2L1	2	121197386	121197918	up-regulated
ENSG00000115112	TFCP2L1	2	121282576	121283295	up-regulated
ENSG00000183092	BEGAIN	14	100664836	100665076	down-regulated
ENSG00000073111	MCM2	3	127525472	127525901	down-regulated
ENSG00000151136	BTBD11	12	107344456	107344812	up-regulated
ENSG00000151136	BTBD11	12	107352042	107352696	up-regulated
ENSG00000151136	BTBD11	12	107348781	107349471	up-regulated
ENSG00000151136	BTBD11	12	107380169	107380576	up-regulated
ENSG00000175643	RMI2	16	11224282	11224530	down-regulated
ENSG00000175643	RMI2	16	11309882	11310147	down-regulated
ENSG00000111245	MYL2	12	110917538	110917872	up-regulated
ENSG00000111245	MYL2	12	110934494	110934849	up-regulated
ENSG00000143473	KCNH1	1	211198141	211198592	down-regulated
ENSG00000152779	SLC16A12	10	89481592	89482017	up-regulated
ENSG00000152779	SLC16A12	10	89475456	89475934	up-regulated
ENSG00000152779	SLC16A12	10	89476844	89477218	up-regulated
ENSG00000152779	SLC16A12	10	89522564	89522829	up-regulated
ENSG00000152779	SLC16A12	10	89553282	89553708	up-regulated
ENSG00000198417	MT1F	16	56608182	56608537	up-regulated
ENSG00000198417	MT1F	16	56606629	56607558	up-regulated
ENSG00000090975	PITPNM2	12	123164962	123165189	up-regulated
ENSG00000130433	CACNG6	19	54020231	54020462	down-regulated
ENSG00000258181	AC008083.2	12	47212320	47212802	down-regulated
ENSG00000141401	IMPA2	18	11948998	11949250	up-regulated
ENSG00000100342	APOL1	22	36250345	36250546	up-regulated
ENSG00000111057	KRT18	12	52925886	52926331	up-regulated
ENSG00000111057	KRT18	12	52927197	52927707	up-regulated
ENSG00000111057	KRT18	12	52942690	52942971	up-regulated
ENSG00000111057	KRT18	12	52969866	52970351	up-regulated
ENSG00000111057	KRT18	12	52971724	52972147	up-regulated
ENSG00000165244	ZNF367	9	96405949	96406198	down-regulated
ENSG00000168496	FEN1	11	61821008	61821369	down-regulated
ENSG00000173065	FAM222B	17	28808845	28809231	up-regulated
ENSG00000007968	E2F2	1	23562231	23562422	down-regulated
ENSG00000007968	E2F2	1	23585538	23585963	down-regulated
ENSG00000007968	E2F2	1	23593785	23594062	down-regulated
ENSG00000117643	MAN1C1	1	25681878	25682163	up-regulated
ENSG00000166923	GREM1	15	32677158	32677540	down-regulated
ENSG00000116690	PRG4	1	186296002	186296225	up-regulated
ENSG00000158234	FAIM	3	138597433	138597809	up-regulated
ENSG00000108924	HLF	17	55287079	55287374	up-regulated
ENSG00000108924	HLF	17	55285805	55286195	up-regulated
ENSG00000110328	GALNT18	11	11622855	11623181	up-regulated
ENSG00000133106	EPSTI1	13	42892913	42893174	up-regulated
ENSG00000133106	EPSTI1	13	43004818	43005914	up-regulated
ENSG00000133106	EPSTI1	13	42996602	42996804	up-regulated
ENSG00000133106	EPSTI1	13	43045391	43045774	up-regulated
ENSG00000227051	C14orf132	14	96104694	96104933	down-regulated
ENSG00000146674	IGFBP3	7	45881934	45882255	down-regulated
ENSG00000146674	IGFBP3	7	45889406	45889785	down-regulated
ENSG00000160801	PTH1R	3	46948002	46948556	up-regulated
ENSG00000160801	PTH1R	3	46943687	46943961	up-regulated
ENSG00000065325	GLP2R	17	9837765	9838168	down-regulated
ENSG00000065325	GLP2R	17	9842229	9842638	down-regulated
ENSG00000065325	GLP2R	17	9836015	9836299	down-regulated
ENSG00000109846	CRYAB	11	111988744	111989107	up-regulated
ENSG00000100652	SLC10A1	14	69755834	69756131	up-regulated
ENSG00000100311	PDGFB	22	39176188	39176454	down-regulated
ENSG00000087303	NID2	14	52111681	52112099	up-regulated
ENSG00000087303	NID2	14	52110477	52110732	up-regulated
ENSG00000137877	SPTBN5	15	41961276	41961561	up-regulated
ENSG00000137877	SPTBN5	15	41961029	41961208	up-regulated
ENSG00000130707	ASS1	9	130451951	130452347	up-regulated
ENSG00000152086	TUBA3E	2	130195239	130195517	up-regulated
ENSG00000168497	CAVIN2	2	191866854	191867365	up-regulated
ENSG00000168497	CAVIN2	2	191894803	191895255	up-regulated
ENSG00000084110	HAL	12	95996211	95996534	up-regulated
ENSG00000227496	AC099066.2	1	225655619	225656055	up-regulated
ENSG00000227496	AC099066.2	1	225700228	225700670	up-regulated
ENSG00000227496	AC099066.2	1	225736343	225736746	up-regulated
ENSG00000227496	AC099066.2	1	225735644	225736019	up-regulated
ENSG00000123815	COQ8B	19	40715544	40715845	up-regulated
ENSG00000140479	PCSK6	15	101439473	101439833	up-regulated
ENSG00000140479	PCSK6	15	101528209	101528663	up-regulated
ENSG00000140479	PCSK6	15	101615514	101615757	up-regulated
ENSG00000165376	CLDN2	X	106917859	106918093	down-regulated
ENSG00000165376	CLDN2	X	106933449	106933859	down-regulated
ENSG00000069812	HES2	1	6385718	6386028	up-regulated
ENSG00000133131	MORC4	X	106917859	106918093	down-regulated
ENSG00000133131	MORC4	X	106933449	106933859	down-regulated
ENSG00000101850	GPR143	X	9866067	9866356	up-regulated
ENSG00000158125	XDH	2	31384875	31385120	down-regulated
ENSG00000088899	LZTS3	20	3123600	3123906	up-regulated
ENSG00000230109	LINC02643	10	21336907	21337127	down-regulated
ENSG00000230109	LINC02643	10	21363775	21364001	down-regulated
ENSG00000230109	LINC02643	10	21364540	21364765	down-regulated
ENSG00000135127	BICDL1	12	120055303	120055970	up-regulated
ENSG00000242147	LINC02657	10	5631937	5632350	down-regulated
ENSG00000166016	ABTB2	11	34318490	34319014	up-regulated
ENSG00000166016	ABTB2	11	34316816	34317181	up-regulated
ENSG00000166016	ABTB2	11	34345312	34345505	up-regulated
ENSG00000166016	ABTB2	11	34427320	34427439	up-regulated
ENSG00000117245	KIF17	1	20698484	20698766	up-regulated
ENSG00000171303	KCNK3	2	26772417	26772701	down-regulated
ENSG00000164330	EBF1	5	159186247	159186744	down-regulated
ENSG00000164330	EBF1	5	159182735	159183100	down-regulated
ENSG00000164330	EBF1	5	159178967	159179427	down-regulated
ENSG00000138079	SLC3A1	2	44291330	44291748	down-regulated
ENSG00000138079	SLC3A1	2	44297485	44297719	down-regulated
ENSG00000101096	NFATC2	20	51631478	51632003	down-regulated
ENSG00000089847	ANKRD24	19	4131094	4131414	up-regulated
ENSG00000089847	ANKRD24	19	4147357	4147626	up-regulated
ENSG00000168079	SCARA5	8	27957931	27958259	up-regulated
ENSG00000168079	SCARA5	8	28004609	28004991	up-regulated
ENSG00000138771	SHROOM3	4	76377480	76377910	up-regulated
ENSG00000138771	SHROOM3	4	76374099	76374516	up-regulated
ENSG00000138771	SHROOM3	4	76526561	76526886	up-regulated
ENSG00000229647	MYOSLID	2	207133924	207134379	up-regulated
ENSG00000229647	MYOSLID	2	207164256	207164536	up-regulated
ENSG00000229647	MYOSLID	2	207239212	207239511	up-regulated
ENSG00000229647	MYOSLID	2	207258509	207258844	up-regulated
ENSG00000069764	PLA2G10	16	14636870	14637093	up-regulated
ENSG00000260468	LINC01290	16	10520443	10520914	up-regulated
ENSG00000260468	LINC01290	16	10602014	10602241	up-regulated
ENSG00000236409	NRADDP	3	46948002	46948556	up-regulated
ENSG00000236409	NRADDP	3	46943687	46943961	up-regulated
ENSG00000107551	RASSF4	10	44964165	44964448	up-regulated
ENSG00000100266	PACSIN2	22	42922095	42922376	up-regulated
ENSG00000100266	PACSIN2	22	42940231	42940593	up-regulated
ENSG00000100266	PACSIN2	22	42933870	42934138	up-regulated
ENSG00000100266	PACSIN2	22	42963068	42963398	up-regulated
ENSG00000100266	PACSIN2	22	42990846	42991329	up-regulated
ENSG00000100266	PACSIN2	22	42995146	42995847	up-regulated
ENSG00000100266	PACSIN2	22	43028252	43028594	up-regulated
ENSG00000100266	PACSIN2	22	42926017	42926359	up-regulated
ENSG00000104731	KLHDC4	16	87779277	87779481	up-regulated
ENSG00000104731	KLHDC4	16	87789934	87790282	up-regulated
ENSG00000104731	KLHDC4	16	87789678	87789869	up-regulated
ENSG00000104731	KLHDC4	16	87854082	87854517	up-regulated
ENSG00000240875	LINC00886	3	156784133	156784498	up-regulated
ENSG00000240875	LINC00886	3	156817026	156817510	up-regulated
ENSG00000240875	LINC00886	3	156812496	156812936	up-regulated
ENSG00000240875	LINC00886	3	156906331	156906743	up-regulated
ENSG00000260418	AL023284.4	6	136403104	136403382	down-regulated
ENSG00000167183	PRR15L	17	47955559	47955884	up-regulated
ENSG00000167183	PRR15L	17	47948706	47948951	up-regulated
ENSG00000167183	PRR15L	17	47967929	47968191	up-regulated
ENSG00000167183	PRR15L	17	48053455	48053755	up-regulated
ENSG00000153162	BMP6	6	7687846	7688302	down-regulated
ENSG00000153162	BMP6	6	7698124	7698504	down-regulated
ENSG00000153162	BMP6	6	7692233	7692455	down-regulated
ENSG00000183111	ARHGEF37	5	149485843	149486341	up-regulated
ENSG00000183111	ARHGEF37	5	149482861	149483207	up-regulated
ENSG00000183111	ARHGEF37	5	149471678	149471932	up-regulated
ENSG00000183111	ARHGEF37	5	149489807	149490169	up-regulated
ENSG00000183111	ARHGEF37	5	149562701	149562963	up-regulated
ENSG00000183111	ARHGEF37	5	149600943	149601273	up-regulated
ENSG00000183111	ARHGEF37	5	149605963	149606218	up-regulated
ENSG00000154065	ANKRD29	18	23629426	23629850	up-regulated
ENSG00000154065	ANKRD29	18	23627457	23627679	up-regulated
ENSG00000154065	ANKRD29	18	23684523	23684969	up-regulated
ENSG00000154065	ANKRD29	18	23704363	23704668	up-regulated
ENSG00000154065	ANKRD29	18	23725785	23726200	up-regulated
ENSG00000154065	ANKRD29	18	23742018	23742427	up-regulated
ENSG00000257167	TMPO-AS1	12	98464224	98464421	down-regulated
ENSG00000257167	TMPO-AS1	12	98470956	98471374	down-regulated
ENSG00000198732	SMOC1	14	69755834	69756131	down-regulated
ENSG00000089356	FXYD3	19	35129755	35130068	up-regulated
ENSG00000156414	TDRD9	14	104005598	104005830	up-regulated
ENSG00000184669	OR7E14P	11	17012661	17013189	up-regulated
ENSG00000184669	OR7E14P	11	17020720	17021049	up-regulated
ENSG00000027697	IFNGR1	6	137148699	137149047	up-regulated
ENSG00000027697	IFNGR1	6	137241325	137242106	up-regulated
ENSG00000027697	IFNGR1	6	137261330	137262057	up-regulated
ENSG00000134516	DOCK2	5	169668397	169668758	down-regulated
ENSG00000134516	DOCK2	5	169696087	169696464	down-regulated
ENSG00000147119	CHST7	X	46566860	46567261	up-regulated
ENSG00000147119	CHST7	X	46567494	46567774	up-regulated
ENSG00000147119	CHST7	X	46573353	46573666	up-regulated
ENSG00000083290	ULK2	17	19937512	19937928	up-regulated
ENSG00000158246	TENT5B	1	26961813	26962207	up-regulated
ENSG00000158246	TENT5B	1	26999463	26999815	up-regulated
ENSG00000158246	TENT5B	1	26990627	26990835	up-regulated
ENSG00000053108	FSTL4	5	133688461	133688797	down-regulated
ENSG00000204869	IGFL4	19	46070042	46070297	down-regulated
ENSG00000114812	VIPR1	3	42544493	42545192	up-regulated
ENSG00000075213	SEMA3A	7	84529452	84529659	down-regulated
ENSG00000266835	GAPLINC	18	3449343	3449598	down-regulated
ENSG00000266835	GAPLINC	18	3459406	3459778	down-regulated
ENSG00000184557	SOCS3	17	78315565	78315831	up-regulated
ENSG00000255433	AP001803.2	11	56910103	56910570	down-regulated
ENSG00000255433	AP001803.2	11	56906786	56907108	down-regulated
ENSG00000255433	AP001803.2	11	56932886	56933168	down-regulated
ENSG00000089159	PXN	12	120237424	120237679	up-regulated
ENSG00000089159	PXN	12	120262651	120262902	up-regulated
ENSG00000130787	HIP1R	12	122830858	122831207	up-regulated
ENSG00000142583	SLC2A5	1	9002239	9002490	up-regulated
ENSG00000142583	SLC2A5	1	9038330	9038624	up-regulated
ENSG00000124440	HIF3A	19	46299015	46299247	up-regulated
ENSG00000124440	HIF3A	19	46300879	46301295	up-regulated
ENSG00000140465	CYP1A1	15	74664029	74664660	up-regulated
ENSG00000265962	GACAT2	18	8704086	8704304	down-regulated
ENSG00000265962	GACAT2	18	8732745	8733006	down-regulated
ENSG00000265962	GACAT2	18	8794710	8794932	down-regulated
ENSG00000167772	ANGPTL4	19	8362021	8362243	up-regulated
ENSG00000167772	ANGPTL4	19	8374195	8374603	up-regulated
ENSG00000167772	ANGPTL4	19	8388154	8388477	up-regulated
ENSG00000167772	ANGPTL4	19	8355531	8356140	up-regulated
ENSG00000174306	ZHX3	20	41248779	41248998	up-regulated
ENSG00000132518	GUCY2D	17	7959608	7959849	up-regulated
ENSG00000132518	GUCY2D	17	8041212	8041551	up-regulated
ENSG00000112576	CCND3	6	41967671	41967895	down-regulated
ENSG00000112576	CCND3	6	42045659	42046038	down-regulated
ENSG00000116871	MAP7D1	1	36200024	36200487	up-regulated
ENSG00000116871	MAP7D1	1	36203844	36204571	up-regulated
ENSG00000116871	MAP7D1	1	36248644	36248817	up-regulated
ENSG00000166925	TSC22D4	7	100545681	100546313	up-regulated
ENSG00000125384	PTGER2	14	52343381	52343673	up-regulated
ENSG00000125384	PTGER2	14	52351741	52352012	up-regulated
ENSG00000237004	ZNRF2P1	7	32669345	32669485	down-regulated
ENSG00000165105	RASEF	9	83130570	83131028	down-regulated
ENSG00000165105	RASEF	9	83119906	83120110	down-regulated
ENSG00000165105	RASEF	9	83132810	83133233	down-regulated
ENSG00000241935	HOGA1	10	97574719	97575041	up-regulated
ENSG00000241935	HOGA1	10	97596648	97597078	up-regulated
ENSG00000253802	SIRLNT	8	40350108	40350413	down-regulated
ENSG00000253802	SIRLNT	8	40373098	40373792	down-regulated
ENSG00000253802	SIRLNT	8	40378359	40378717	down-regulated
ENSG00000174827	PDZK1	1	145782423	145782712	up-regulated
ENSG00000135116	HRK	12	116856042	116856399	up-regulated
ENSG00000146278	PNRC1	6	89022720	89022997	up-regulated
ENSG00000146278	PNRC1	6	89035497	89036210	up-regulated
ENSG00000170214	ADRA1B	5	159820056	159820506	up-regulated
ENSG00000170214	ADRA1B	5	159905368	159906052	up-regulated
ENSG00000170214	ADRA1B	5	159902633	159903016	up-regulated
ENSG00000170214	ADRA1B	5	159912370	159912788	up-regulated
ENSG00000170214	ADRA1B	5	159913079	159913412	up-regulated
ENSG00000170214	ADRA1B	5	159936749	159937052	up-regulated
ENSG00000170214	ADRA1B	5	159928306	159928604	up-regulated
ENSG00000168890	TMEM150A	2	85681366	85681641	up-regulated
ENSG00000107957	SH3PXD2A	10	103908356	103908575	down-regulated
ENSG00000143127	ITGA10	1	145892023	145892453	up-regulated
ENSG00000143127	ITGA10	1	146007244	146007512	up-regulated
ENSG00000143127	ITGA10	1	146005623	146005886	up-regulated
ENSG00000159403	C1R	12	7079315	7079631	up-regulated
ENSG00000159403	C1R	12	7109069	7109319	up-regulated
ENSG00000113889	KNG1	3	186693966	186694293	up-regulated
ENSG00000128849	CGNL1	15	57307673	57307917	down-regulated
ENSG00000100003	SEC14L2	22	30422890	30423253	up-regulated
ENSG00000100003	SEC14L2	22	30408704	30409027	up-regulated
ENSG00000039068	CDH1	16	68715484	68715754	up-regulated
ENSG00000144749	LRIG1	3	66594024	66594410	down-regulated
ENSG00000144749	LRIG1	3	66588582	66588817	down-regulated
ENSG00000168209	DDIT4	10	72173867	72174097	up-regulated
ENSG00000168209	DDIT4	10	72223236	72223611	up-regulated
ENSG00000168209	DDIT4	10	72248720	72249229	up-regulated
ENSG00000168209	DDIT4	10	72243681	72244447	up-regulated
ENSG00000168209	DDIT4	10	72255077	72255519	up-regulated
ENSG00000168209	DDIT4	10	72260445	72260914	up-regulated
ENSG00000168209	DDIT4	10	72256004	72256359	up-regulated
ENSG00000168209	DDIT4	10	72272725	72273025	up-regulated
ENSG00000168209	DDIT4	10	72319619	72319828	up-regulated
ENSG00000186204	CYP4F12	19	15640343	15640659	up-regulated
ENSG00000129521	EGLN3	14	34368316	34368782	down-regulated
ENSG00000129521	EGLN3	14	34379456	34379670	down-regulated
ENSG00000129521	EGLN3	14	34496944	34497294	down-regulated
ENSG00000129521	EGLN3	14	34496450	34496788	down-regulated
ENSG00000203867	RBM20	10	110632720	110632986	up-regulated
ENSG00000203867	RBM20	10	110641258	110641796	up-regulated
ENSG00000173221	GLRX	5	95794046	95794532	up-regulated
ENSG00000173221	GLRX	5	95803585	95803936	up-regulated
ENSG00000173221	GLRX	5	95857337	95857610	up-regulated
ENSG00000173221	GLRX	5	95859073	95859381	up-regulated
ENSG00000114423	CBLB	3	105792259	105792775	up-regulated
ENSG00000114423	CBLB	3	105834830	105835077	up-regulated
ENSG00000235142	LINC02532	6	106739478	106739708	down-regulated
ENSG00000235142	LINC02532	6	106746713	106746941	down-regulated
ENSG00000180801	ARSJ	4	113959222	113959505	down-regulated
ENSG00000180801	ARSJ	4	113961299	113961511	down-regulated
ENSG00000257219	LNCOG	12	76206083	76206332	up-regulated
ENSG00000257219	LNCOG	12	76266720	76267137	up-regulated
ENSG00000257219	LNCOG	12	76259778	76260121	up-regulated
ENSG00000251497	PITPNM2-AS1	12	123164962	123165189	up-regulated
ENSG00000225156	AC012354.1	2	44959890	44960355	up-regulated
ENSG00000225156	AC012354.1	2	44958846	44959265	up-regulated
ENSG00000109323	MANBA	4	102717533	102717960	up-regulated
ENSG00000007062	PROM1	4	16024091	16024466	up-regulated
ENSG00000239911	PRKAG2-AS1	7	151797790	151798131	up-regulated
ENSG00000239911	PRKAG2-AS1	7	151923562	151923888	up-regulated
ENSG00000182010	RTKN2	10	62243288	62243534	down-regulated
ENSG00000078269	SYNJ2	6	158040402	158040688	down-regulated
ENSG00000078269	SYNJ2	6	158042396	158042746	down-regulated
ENSG00000137868	STRA6	15	74179344	74179702	up-regulated
ENSG00000137868	STRA6	15	74215215	74215534	up-regulated
ENSG00000187185	AC092118.1	16	57808077	57808347	down-regulated
ENSG00000187185	AC092118.1	16	57893976	57894290	down-regulated
ENSG00000143494	VASH2	1	212915555	212915882	down-regulated
ENSG00000054179	ENTPD2	9	137057059	137057407	up-regulated
ENSG00000187775	DNAH17	17	78592264	78592793	down-regulated
ENSG00000166924	NYAP1	7	100545681	100546313	up-regulated
ENSG00000121039	RDH10	8	73311590	73311931	down-regulated
ENSG00000121039	RDH10	8	73312556	73312787	down-regulated
ENSG00000121039	RDH10	8	73356426	73356712	down-regulated
ENSG00000121039	RDH10	8	73358433	73358718	down-regulated
ENSG00000197375	SLC22A5	5	132363369	132363783	up-regulated
ENSG00000197375	SLC22A5	5	132365234	132365589	up-regulated
ENSG00000197375	SLC22A5	5	132364331	132364736	up-regulated
ENSG00000104419	NDRG1	8	133340927	133341333	up-regulated
ENSG00000104419	NDRG1	8	133356224	133356537	up-regulated
ENSG00000105011	ASF1B	19	14220165	14220218	down-regulated
ENSG00000076555	ACACB	12	109192380	109192684	up-regulated
ENSG00000076555	ACACB	12	109200005	109200285	up-regulated
ENSG00000205502	C2CD4B	15	62112949	62113320	down-regulated
ENSG00000205502	C2CD4B	15	62124445	62124704	down-regulated
ENSG00000189143	CLDN4	7	73704916	73705428	down-regulated
ENSG00000189143	CLDN4	7	73705540	73705791	down-regulated
ENSG00000189143	CLDN4	7	73715644	73716051	down-regulated
ENSG00000088836	SLC4A11	20	3313029	3313486	up-regulated
ENSG00000136830	FAM129B	9	127506673	127506870	up-regulated
ENSG00000136830	FAM129B	9	127545840	127546119	up-regulated
ENSG00000136830	FAM129B	9	127545383	127545605	up-regulated
ENSG00000136830	FAM129B	9	127570408	127570863	up-regulated
ENSG00000136830	FAM129B	9	127578700	127579206	up-regulated
ENSG00000030419	IKZF2	2	213238953	213239589	up-regulated
ENSG00000117009	KMO	1	241615407	241615718	down-regulated
ENSG00000133121	STARD13	13	33279866	33280288	up-regulated
ENSG00000133121	STARD13	13	33279361	33279723	up-regulated
ENSG00000133121	STARD13	13	33312121	33312416	up-regulated
ENSG00000115353	TACR1	2	75146948	75147324	down-regulated
ENSG00000115353	TACR1	2	75268291	75268515	down-regulated
ENSG00000173559	NABP1	2	191637510	191637720	up-regulated
ENSG00000173559	NABP1	2	191646561	191646794	up-regulated
ENSG00000151012	SLC7A11	4	138181346	138181664	down-regulated
ENSG00000151012	SLC7A11	4	138235608	138235912	down-regulated
ENSG00000172824	CES4A	16	66919067	66919372	up-regulated
ENSG00000172824	CES4A	16	66996401	66996766	up-regulated
ENSG00000172824	CES4A	16	66996964	66997385	up-regulated
ENSG00000116254	CHD5	1	6157875	6158171	up-regulated
ENSG00000116254	CHD5	1	6259609	6259920	up-regulated
ENSG00000131779	PEX11B	1	145892023	145892453	up-regulated
ENSG00000131779	PEX11B	1	146007244	146007512	up-regulated
ENSG00000131779	PEX11B	1	146005623	146005886	up-regulated
ENSG00000248019	FAM13A-AS1	4	88612188	88612627	up-regulated
ENSG00000248019	FAM13A-AS1	4	88623146	88623403	up-regulated
ENSG00000248019	FAM13A-AS1	4	88803527	88803911	up-regulated
ENSG00000256802	AC022613.1	15	29671003	29671391	down-regulated
ENSG00000256802	AC022613.1	15	29735138	29735441	down-regulated
ENSG00000256802	AC022613.1	15	29736713	29736920	down-regulated
ENSG00000124942	AHNAK	11	62508271	62508791	up-regulated
ENSG00000124942	AHNAK	11	62587815	62588143	up-regulated
ENSG00000124942	AHNAK	11	62553433	62554219	up-regulated
ENSG00000157514	TSC22D3	X	107676995	107677395	up-regulated
ENSG00000157514	TSC22D3	X	107683238	107683445	up-regulated
ENSG00000157514	TSC22D3	X	107700278	107700661	up-regulated
ENSG00000157514	TSC22D3	X	107718181	107718528	up-regulated
ENSG00000157514	TSC22D3	X	107710702	107711244	up-regulated
ENSG00000157514	TSC22D3	X	107741834	107742138	up-regulated
ENSG00000106617	PRKAG2	7	151797790	151798131	up-regulated
ENSG00000106617	PRKAG2	7	151923562	151923888	up-regulated
ENSG00000169583	CLIC3	9	136903382	136903646	up-regulated
ENSG00000169583	CLIC3	9	137057059	137057407	up-regulated
ENSG00000135525	MAP7	6	136551994	136552203	down-regulated
ENSG00000135525	MAP7	6	136586252	136586530	down-regulated
ENSG00000141449	GREB1L	18	21270634	21270860	up-regulated
ENSG00000141449	GREB1L	18	21306394	21306699	up-regulated
ENSG00000141449	GREB1L	18	21330197	21330610	up-regulated
ENSG00000090565	RAB11FIP3	16	457635	458010	up-regulated
ENSG00000197070	ARRDC1	9	137612228	137612536	up-regulated
ENSG00000197070	ARRDC1	9	137664651	137665095	up-regulated
ENSG00000197070	ARRDC1	9	137690142	137690462	up-regulated
ENSG00000082438	COBLL1	2	164810836	164811093	up-regulated
ENSG00000082438	COBLL1	2	164826193	164826526	up-regulated
ENSG00000182795	C1orf116	1	207004798	207005177	up-regulated
ENSG00000182795	C1orf116	1	207007477	207007667	up-regulated
ENSG00000182795	C1orf116	1	207025556	207025865	up-regulated
ENSG00000173482	PTPRM	18	7576647	7577079	up-regulated
ENSG00000173482	PTPRM	18	7596234	7596565	up-regulated
ENSG00000132793	LPIN3	20	41248779	41248998	up-regulated
ENSG00000126351	THRA	17	40021461	40021968	up-regulated
ENSG00000126351	THRA	17	40070251	40070494	up-regulated
ENSG00000126351	THRA	17	40075171	40075416	up-regulated
ENSG00000064687	ABCA7	19	1110761	1110934	up-regulated
ENSG00000249199	AC026785.3	5	17305944	17306328	down-regulated
ENSG00000249199	AC026785.3	5	17305094	17305462	down-regulated
ENSG00000256433	AC005840.3	12	6376115	6376498	up-regulated
ENSG00000256433	AC005840.3	12	6372928	6373377	up-regulated
ENSG00000231683	AL033397.1	6	53615763	53616078	down-regulated
ENSG00000050165	DKK3	11	11992457	11992626	up-regulated
ENSG00000050165	DKK3	11	11993863	11994222	up-regulated
ENSG00000050165	DKK3	11	12070316	12070809	up-regulated
ENSG00000050165	DKK3	11	12066220	12066586	up-regulated
ENSG00000050165	DKK3	11	12066956	12067227	up-regulated
ENSG00000050165	DKK3	11	12085786	12086164	up-regulated
ENSG00000050165	DKK3	11	12080023	12080503	up-regulated
ENSG00000050165	DKK3	11	12076359	12076725	up-regulated
ENSG00000050165	DKK3	11	12076936	12077166	up-regulated
ENSG00000050165	DKK3	11	12086670	12086897	up-regulated
ENSG00000248905	FMN1	15	33243966	33244277	down-regulated
ENSG00000167202	TBC1D2B	15	78012608	78013011	up-regulated
ENSG00000166106	ADAMTS15	11	130429995	130430348	up-regulated
ENSG00000124575	HIST1H1D	6	26296886	26297195	down-regulated
ENSG00000233929	MT1XP1	1	16195559	16195746	up-regulated
ENSG00000233929	MT1XP1	1	16248694	16248864	up-regulated
ENSG00000251169	LINC01843	5	134466349	134466751	up-regulated
ENSG00000251169	LINC01843	5	134509433	134509784	up-regulated
ENSG00000163762	TM4SF18	3	149369210	149369425	down-regulated
ENSG00000163762	TM4SF18	3	149373729	149374102	down-regulated
ENSG00000163762	TM4SF18	3	149401625	149401893	down-regulated
ENSG00000132613	MTSS2	16	70694074	70694382	up-regulated
ENSG00000157851	DPYSL5	2	26772417	26772701	down-regulated
ENSG00000137310	TCF19	6	31186371	31186718	down-regulated
ENSG00000141682	PMAIP1	18	59954787	59955085	down-regulated
ENSG00000168955	TM4SF20	2	227366941	227367338	down-regulated
ENSG00000168955	TM4SF20	2	227388741	227389120	down-regulated
ENSG00000168955	TM4SF20	2	227407767	227408146	down-regulated
ENSG00000168955	TM4SF20	2	227450312	227450716	down-regulated
ENSG00000151725	CENPU	4	184793033	184793404	down-regulated
ENSG00000151725	CENPU	4	184808125	184808370	down-regulated
ENSG00000151725	CENPU	4	184813267	184813896	down-regulated
ENSG00000058668	ATP2B4	1	203536959	203537278	up-regulated
ENSG00000058668	ATP2B4	1	203538033	203538291	up-regulated
ENSG00000058668	ATP2B4	1	203558359	203558706	up-regulated
ENSG00000278108	MIR6757	12	52969866	52970351	up-regulated
ENSG00000278108	MIR6757	12	52971724	52972147	up-regulated
ENSG00000278108	MIR6757	12	53049555	53049922	up-regulated
ENSG00000167074	TEF	22	41410466	41410687	up-regulated
ENSG00000070540	WIPI1	17	68357983	68358201	up-regulated
ENSG00000070540	WIPI1	17	68378093	68378473	up-regulated
ENSG00000070540	WIPI1	17	68378682	68379013	up-regulated
ENSG00000082641	NFE2L1	17	47955559	47955884	up-regulated
ENSG00000082641	NFE2L1	17	47948706	47948951	up-regulated
ENSG00000082641	NFE2L1	17	47967929	47968191	up-regulated
ENSG00000082641	NFE2L1	17	48053455	48053755	up-regulated
ENSG00000197256	KANK2	19	11152766	11152964	up-regulated
ENSG00000197256	KANK2	19	11142562	11142750	up-regulated
ENSG00000140526	ABHD2	15	89083783	89084028	up-regulated
ENSG00000140526	ABHD2	15	89098247	89098674	up-regulated
ENSG00000140526	ABHD2	15	89101296	89102152	up-regulated
ENSG00000140526	ABHD2	15	89105218	89105515	up-regulated
ENSG00000140526	ABHD2	15	89117788	89118237	up-regulated
ENSG00000140526	ABHD2	15	89119999	89120483	up-regulated
ENSG00000140526	ABHD2	15	89125537	89125767	up-regulated
ENSG00000140526	ABHD2	15	89125289	89125385	up-regulated
ENSG00000140526	ABHD2	15	89167908	89168147	up-regulated
ENSG00000089060	SLC8B1	12	113413636	113413942	up-regulated
ENSG00000089060	SLC8B1	12	113418128	113418486	up-regulated
ENSG00000124664	SPDEF	6	34598746	34598944	down-regulated
ENSG00000149596	JPH2	20	44187422	44187773	up-regulated
ENSG00000006071	ABCC8	11	17405721	17406028	up-regulated
ENSG00000006071	ABCC8	11	17468155	17468417	up-regulated
ENSG00000065618	COL17A1	10	104117988	104118233	down-regulated
ENSG00000065618	COL17A1	10	104110011	104110220	down-regulated
ENSG00000138641	HERC3	4	88514956	88515247	up-regulated
ENSG00000138641	HERC3	4	88612188	88612627	up-regulated
ENSG00000138641	HERC3	4	88623146	88623403	up-regulated
ENSG00000039139	DNAH5	5	14008764	14009494	up-regulated
ENSG00000039139	DNAH5	5	14036076	14036307	up-regulated
ENSG00000158292	GPR153	1	6259609	6259920	up-regulated
ENSG00000233006	MIR3936HG	5	132363369	132363783	up-regulated
ENSG00000233006	MIR3936HG	5	132365234	132365589	up-regulated
ENSG00000233006	MIR3936HG	5	132364331	132364736	up-regulated
ENSG00000123159	GIPC1	19	14497145	14497385	up-regulated
ENSG00000123159	GIPC1	19	14510450	14510881	up-regulated
ENSG00000132646	PCNA	20	5073114	5073462	down-regulated
ENSG00000164379	FOXQ1	6	1325705	1326009	down-regulated
ENSG00000226674	TEX41	2	144659890	144660144	down-regulated
ENSG00000161896	IP6K3	6	33730729	33731022	up-regulated
ENSG00000161896	IP6K3	6	33746158	33746503	up-regulated
